0;1006;0;900;41;18;132;0;198;1;0;0;0;0;0;0;282114;965;960;112;451;349;653;534;1023;-1910;-227;10015;-11;209;-1237;
0;1006;0;900;41;18;132;0;198;1;0;0;0;0;0;0;282124;980;962;112;451;349;655;532;1023;-1874;-228;9979;-17;183;-1187;
0;1006;0;900;41;18;132;0;198;1;0;0;0;0;0;0;282134;981;962;112;451;345;655;533;1023;-1871;-249;9976;-24;227;-1207;
0;1006;0;900;41;18;132;0;198;1;0;0;0;0;0;0;282145;1002;957;79;455;338;652;540;1013;-1886;-180;9966;-44;193;-1198;
0;1006;0;900;41;18;132;0;198;1;0;0;0;0;0;0;282156;1001;976;101;450;329;658;531;1015;-1941;-294;9835;-9;200;-1198;
0;1006;0;900;41;18;132;0;198;1;0;0;0;0;0;0;282165;997;966;112;451;341;655;533;1023;-1898;-302;9943;1;203;-1260;
0;1006;0;900;41;18;132;0;199;1;0;0;0;0;0;0;282175;981;962;112;451;341;655;533;1023;-1929;-272;9842;-41;180;-1213;
0;1006;0;900;41;18;132;0;199;1;0;0;0;0;0;0;282185;996;962;112;451;333;655;533;1023;-1925;-212;10015;-18;167;-1248;
0;1006;0;900;41;18;132;0;199;1;0;0;0;0;0;0;282195;996;962;112;451;333;655;534;1023;-1917;-232;9883;-25;212;-1191;
0;1006;0;900;41;18;132;0;199;1;0;0;0;0;0;0;282205;982;968;106;449;340;647;538;1023;-1945;-248;9975;-59;170;-1241;
0;1006;0;900;41;18;132;0;199;1;0;0;0;0;0;0;282215;1001;957;105;460;331;666;541;1013;-1946;-257;9985;-19;194;-1259;
0;1006;0;900;41;18;132;0;199;1;0;0;0;0;0;0;282225;1003;965;105;460;331;666;541;1013;-1961;-261;9963;238;206;-1180;
0;1006;0;900;41;18;132;0;199;1;0;0;0;0;0;0;282235;1003;965;105;460;331;666;541;1013;-1987;-241;10020;15;196;-1220;
0;1006;0;900;41;18;132;0;199;1;0;0;0;0;0;0;282246;990;971;104;453;338;647;537;1005;-1931;-256;9902;-29;179;-1185;
0;1006;0;900;41;18;132;0;199;1;0;0;0;0;0;0;282255;1001;980;100;454;331;658;532;1015;-1973;-266;10046;-62;167;-1226;
0;1006;0;900;41;18;132;0;199;1;0;0;0;0;0;0;282265;997;976;101;451;329;655;533;1022;-1961;-281;10013;-43;219;-1248;
0;1006;0;900;41;18;132;0;199;1;0;0;0;0;0;0;282275;996;966;101;454;329;659;534;1022;-1924;-248;9975;-53;211;-1194;
0;1006;0;900;41;18;132;0;199;1;0;0;0;0;0;0;282285;996;962;112;451;349;655;532;1023;-1960;-309;9971;-14;193;-1195;
0;1006;0;900;41;18;132;0;199;1;0;0;0;0;0;0;282295;996;962;112;451;349;655;535;1023;-1927;-245;9958;-54;180;-1215;
0;1006;0;900;41;18;132;0;199;1;0;0;0;0;0;0;282305;980;962;112;451;349;653;533;1023;-1903;-265;10016;-72;149;-1227;
0;1006;0;900;41;18;132;0;199;1;0;0;0;0;0;0;282315;980;962;95;451;349;655;533;1023;-1891;-250;9992;-47;191;-1259;
0;1006;0;900;41;18;132;0;199;1;0;0;0;0;0;0;282327;993;949;105;460;331;666;541;1013;-1866;-266;10024;26;211;-1191;
0;1006;0;900;41;18;132;0;199;1;0;0;0;0;0;0;282336;993;951;101;450;331;658;529;1015;-1871;-262;9986;-27;222;-1229;
0;1006;0;900;41;18;132;0;199;1;0;0;0;0;0;0;282346;981;962;112;451;341;655;533;1023;-1830;-241;9947;-2;212;-1196;
0;1005;0;900;41;18;132;0;199;1;0;0;0;0;0;0;282356;1002;957;97;457;338;656;542;1013;-1824;-214;10054;-30;158;-1197;
0;1005;0;900;41;18;132;0;199;1;0;0;0;0;0;0;282366;1002;957;96;455;338;650;542;1013;-1918;-265;9926;-27;212;-1185;
0;1006;0;900;41;18;132;0;200;1;0;0;0;0;0;0;282376;1003;965;105;460;331;666;541;1013;-1863;-241;10012;-15;201;-1257;
0;1006;0;900;41;18;132;0;200;1;0;0;0;0;0;0;282386;1003;965;105;460;331;666;541;1013;-1893;-234;9918;-21;229;-1178;
0;1006;0;900;41;18;132;0;200;1;0;0;0;0;0;0;282396;1003;965;105;460;331;666;541;1013;-1941;-237;9942;42;185;-1197;
0;1006;0;900;41;18;132;0;200;1;0;0;0;0;0;0;282406;982;971;106;447;340;645;534;1023;-1929;-227;9967;-31;177;-1185;
0;1006;0;900;41;18;132;0;200;1;0;0;0;0;0;0;282416;996;966;112;451;333;655;534;1022;-1969;-207;10012;-22;164;-1200;
0;1006;0;900;41;18;132;0;200;1;0;0;0;0;0;0;282426;993;951;101;458;330;658;535;1015;-1953;-202;10047;-1;200;-1160;
0;1006;0;900;41;18;132;0;200;1;0;0;0;0;0;0;282436;982;969;106;461;340;647;552;1019;-1980;-218;9956;0;194;-1225;
0;1006;0;900;41;18;132;0;200;1;0;0;0;0;0;0;282446;978;969;106;461;340;647;548;1019;-2073;-430;9950;23;226;-1227;
0;1006;0;900;41;18;132;0;200;1;0;0;0;0;0;0;282456;1000;957;97;460;331;658;542;1013;-2140;-189;8644;112;338;-1262;
0;1006;0;900;41;18;132;0;200;1;0;0;0;0;0;0;282466;1003;973;97;460;331;658;543;1013;-2097;-28;8794;-136;157;-1200;
0;1006;0;900;41;18;132;0;200;1;0;0;0;0;0;0;282476;1003;973;97;460;331;658;543;1013;-1899;-99;10070;-237;173;-1173;
0;1006;0;900;41;18;132;0;200;1;0;0;0;0;0;0;282486;996;966;95;451;341;655;533;1023;-1992;-145;9605;21;154;-1214;
0;1006;0;900;41;18;132;0;200;1;0;0;0;0;0;0;282496;997;964;100;451;323;658;533;1022;-1887;-191;10089;-36;237;-1198;
0;1006;0;900;41;18;132;0;200;1;0;0;0;0;0;0;282507;1001;957;109;460;331;670;539;1013;-1946;-230;10191;6;197;-1253;
0;1006;0;900;41;18;132;0;200;1;0;0;0;0;0;0;282516;1001;957;105;460;331;670;541;1013;-1893;-302;9938;19;196;-1212;
0;1006;0;900;41;18;132;0;200;1;0;0;0;0;0;0;282526;1001;957;105;460;331;666;541;1013;-1869;-292;10039;-75;184;-1213;
0;1006;0;900;41;18;132;0;200;1;0;0;0;0;0;0;282536;1003;959;105;460;331;666;541;1013;-1833;-323;10126;-45;222;-1268;
0;1006;0;900;41;18;132;0;200;1;0;0;0;0;0;0;282546;990;971;90;461;340;647;552;1007;-1774;-344;9874;16;223;-1199;
0;1006;0;900;41;18;132;0;200;1;0;0;0;0;0;0;282556;997;976;100;451;329;655;535;1022;-1538;-306;10153;-22;169;-1202;
0;1006;0;900;41;18;132;0;200;1;0;0;0;0;0;0;282566;997;966;101;451;329;655;533;1022;-1786;-327;10037;-1;217;-1231;
0;1006;0;900;41;18;132;0;200;1;0;0;0;0;0;0;282576;981;960;100;454;329;659;533;1022;-1796;-307;9956;-1;206;-1204;
0;1006;0;900;41;18;132;0;200;1;0;0;0;0;0;0;282586;981;962;112;451;341;655;534;1023;-1797;-327;9984;-70;184;-1228;
0;1006;0;900;41;18;132;0;200;1;0;0;0;0;0;0;282596;965;962;112;451;341;655;534;1023;-1831;-260;10067;-54;174;-1245;
0;1006;0;900;41;18;132;0;200;1;0;0;0;0;0;0;282606;1002;957;97;457;338;650;541;1013;-1909;-223;10012;1;198;-1266;
0;1006;0;900;41;18;132;0;200;1;0;0;0;0;0;0;282616;981;962;112;451;333;655;533;1023;-1640;60;10807;12;201;-1146;
0;1006;0;900;41;18;132;0;200;1;0;0;0;0;0;0;282626;1000;957;105;460;331;666;541;1013;-1885;-290;9879;33;19;-1240;
0;1006;0;900;41;18;132;0;200;1;0;0;0;0;0;0;282636;1001;957;109;460;331;670;539;1013;-2107;-264;10352;-181;101;-1281;
0;1006;0;900;41;18;132;0;200;1;0;0;0;0;0;0;282646;1003;965;105;460;331;666;541;1013;-1968;-177;10026;-113;108;-1187;
0;1006;0;900;41;18;132;0;200;1;0;0;0;0;0;0;282656;982;970;106;447;340;645;536;1023;-1977;-306;10224;-40;124;-1218;
0;1006;0;900;41;18;132;0;200;1;0;0;0;0;0;0;282667;980;970;106;447;340;645;534;1023;-1997;-285;10152;14;217;-1183;
0;1006;0;900;41;18;132;0;200;1;0;0;0;0;0;0;282678;982;969;106;457;340;647;546;1019;-1968;-229;10199;66;179;-1175;
0;1006;0;900;41;18;132;0;200;1;0;0;0;0;0;0;282687;978;959;104;461;338;647;538;1005;-1963;-260;9975;-25;198;-1194;
0;1005;0;900;41;18;132;0;200;1;0;0;0;0;0;0;282698;1001;957;109;460;331;670;539;1013;-1943;-341;10273;-1;172;-1189;
0;1005;0;900;41;18;132;0;200;1;0;0;0;0;0;0;282707;1002;959;97;460;338;654;543;1013;-1908;-379;9792;23;496;-1191;
0;1005;0;900;41;18;132;0;200;1;0;0;0;0;0;0;282717;990;971;106;453;340;647;542;1023;-1832;-315;9941;-36;185;-1240;
0;1006;0;900;41;18;132;0;200;1;0;0;0;0;0;0;282727;982;971;106;453;340;647;542;1023;-1842;-245;9970;-45;175;-1188;
0;1006;0;900;41;18;132;0;200;1;0;0;0;0;0;0;282737;978;968;106;449;340;647;538;1023;-1849;-239;10088;-7;197;-1159;
0;1006;0;900;41;18;132;0;200;1;0;0;0;0;0;0;282747;986;957;97;460;331;658;543;1013;-1845;-247;10009;-28;178;-1210;
0;1006;0;900;41;18;132;0;200;1;0;0;0;0;0;0;282757;981;962;112;454;333;659;533;1022;-1871;-29;10039;-76;216;-1247;
0;1006;0;900;41;18;132;0;200;1;0;0;0;0;0;0;282767;996;962;101;451;329;655;535;1022;-1867;-253;10036;-63;210;-1202;
0;1006;0;900;41;18;132;0;200;1;0;0;0;0;0;0;282777;987;957;97;453;330;646;539;1005;-1875;-315;10267;1;184;-1235;
0;1006;0;900;41;18;132;0;200;1;0;0;0;0;0;0;282787;986;957;97;453;338;646;538;1005;-1894;-375;10027;25;204;-1194;
0;1006;0;900;41;18;132;0;200;1;0;0;0;0;0;0;282798;1001;976;100;454;330;658;529;1015;-1889;-363;9964;-30;202;-1229;
0;1006;0;900;41;18;132;0;200;1;0;0;0;0;0;0;282807;1002;957;97;460;331;658;544;1013;-1893;-336;9906;-83;172;-1170;
0;1006;0;900;41;18;132;0;200;1;0;0;0;0;0;0;282817;1002;959;97;460;331;658;542;1013;-1874;-306;10019;-61;174;-1223;
0;1006;0;900;41;18;132;0;200;1;0;0;0;0;0;0;282827;1002;973;97;457;331;656;541;1013;-1922;-270;10098;-26;176;-1241;
0;1006;0;900;41;18;132;0;200;1;0;0;0;0;0;0;282838;1002;973;96;455;338;650;542;1013;-1928;-216;9882;-4;188;-1171;
0;1006;0;900;41;18;132;0;200;1;0;0;0;0;0;0;282849;1003;965;105;460;331;662;543;1013;-1922;-132;10018;-58;178;-1121;
0;1006;0;900;41;18;132;0;200;1;0;0;0;0;0;0;282859;1002;959;97;460;331;658;542;1013;-1918;-119;9921;-34;156;-1147;
0;1006;0;900;41;18;132;0;200;1;0;0;0;0;0;0;282868;980;970;94;451;327;645;530;1023;-1900;-162;10192;-76;179;-1202;
0;1006;0;900;41;18;132;0;200;1;0;0;0;0;0;0;282878;986;957;79;455;338;646;539;1005;-1924;-184;9965;-38;209;-1192;
0;1006;0;900;41;18;132;0;200;1;0;0;0;0;0;0;282888;982;970;106;447;340;645;534;1023;-1951;-274;10175;-12;208;-1238;
0;1005;0;900;41;18;132;0;200;1;0;0;0;0;0;0;282898;987;957;97;457;338;654;541;1013;-1933;-339;9944;8;190;-1226;
0;1005;0;900;41;18;132;0;200;1;0;0;0;0;0;0;282908;973;951;100;450;329;658;532;1015;-1844;-387;10073;7;203;-1196;
0;1005;0;900;41;18;132;0;200;1;0;0;0;0;0;0;282918;993;951;100;450;328;658;532;1014;-1815;-384;9871;-21;189;-1205;
0;1006;0;900;41;18;132;0;200;1;0;0;0;0;0;0;282928;997;962;101;451;329;655;535;1022;-1817;-325;10025;-77;167;-1209;
0;1006;0;900;41;18;132;0;200;1;0;0;0;0;0;0;282938;997;966;100;454;329;664;533;1022;-1762;-218;10041;-57;157;-1213;
0;1006;0;900;41;18;132;0;200;1;0;0;0;0;0;0;282948;1002;957;96;455;338;646;539;1005;-1805;-145;10101;-17;197;-1254;
0;1006;0;900;41;18;132;0;200;1;0;0;0;0;0;0;282958;987;959;96;455;338;646;539;1005;-1843;-212;10053;13;174;-1226;
0;1006;0;900;41;18;132;0;200;1;0;0;0;0;0;0;282968;982;970;106;445;340;645;532;1023;-1872;-236;10023;8;172;-1246;
0;1006;0;900;41;18;132;0;200;1;0;0;0;0;0;0;282978;980;970;94;447;336;645;530;1023;-1965;-361;10089;33;196;-1189;
0;1006;0;900;41;18;132;0;200;1;0;0;0;0;0;0;282988;980;968;94;447;336;645;530;1019;-1939;-365;10006;70;195;-1195;
0;1006;0;900;41;18;132;0;200;1;0;0;0;0;0;0;282999;980;962;95;451;341;651;534;1023;-2045;-369;9948;0;195;-1204;
0;1006;0;900;41;18;132;0;200;1;0;0;0;0;0;0;283008;982;968;106;457;340;647;543;1022;-2026;-364;10064;-2;147;-1281;
0;1006;0;900;41;18;132;0;200;1;0;0;0;0;0;0;283018;982;969;106;457;340;647;546;1019;-2295;-282;10045;-17;159;-1207;
0;1006;0;900;41;18;132;0;200;1;0;0;0;0;0;0;283029;980;962;114;451;325;649;533;1023;-2052;-197;10071;-44;191;-1237;
0;1006;0;900;41;18;132;0;200;1;0;0;0;0;0;0;283039;1002;957;97;460;331;658;545;1013;-1981;-154;9947;-6;219;-1230;
0;1005;0;900;41;18;132;0;200;1;0;0;0;0;0;0;283049;986;969;104;453;336;647;537;1005;-1944;-163;9906;-17;200;-1223;
0;1005;0;900;41;18;132;0;200;1;0;0;0;0;0;0;283058;981;962;112;454;341;655;533;1023;-1880;-203;9931;-15;166;-1158;
0;1005;0;900;41;18;132;0;200;1;0;0;0;0;0;0;283068;981;962;112;451;341;655;533;1023;-1833;-285;10044;-5;189;-1183;
0;1006;0;900;41;18;132;0;200;1;0;0;0;0;0;0;283078;973;962;112;451;341;655;534;1023;-1756;-328;9778;-7;186;-1261;
0;1006;0;900;41;18;132;0;200;1;0;0;0;0;0;0;283088;981;962;112;451;341;655;533;1023;-1742;-407;10182;53;200;-1178;
0;1006;0;900;41;18;132;0;200;1;0;0;0;0;0;0;283098;973;948;101;451;328;658;532;1022;-1809;-416;9682;11;201;-1187;
0;1006;0;900;41;18;132;0;200;1;0;0;0;0;0;0;283108;981;962;94;451;325;649;532;1023;-1793;-400;10174;-64;191;-1183;
0;1006;0;900;41;18;132;0;200;1;0;0;0;0;0;0;283118;982;968;106;453;340;647;540;1023;-1843;-314;9915;-52;179;-1200;
0;1006;0;900;41;18;132;0;200;1;0;0;0;0;0;0;283128;1001;957;109;460;331;670;539;1013;-1855;-308;10178;-44;175;-1161;
0;1006;0;900;41;18;132;0;200;1;0;0;0;0;0;0;283138;986;969;91;461;338;647;538;1005;-1868;-226;9910;-55;207;-1181;
0;1006;0;900;41;18;132;0;200;1;0;0;0;0;0;0;283149;982;970;95;447;336;645;531;1023;-1886;-191;9977;-20;206;-1244;
0;1006;0;900;41;18;132;0;200;1;0;0;0;0;0;0;283158;973;962;112;454;333;655;533;1023;-1869;-127;9825;-30;186;-1145;
0;1006;0;900;41;18;132;0;200;1;0;0;0;0;0;0;283168;1001;976;101;450;329;658;529;1015;-1858;-164;9856;11;176;-1220;
0;1006;0;900;41;18;132;0;200;1;0;0;0;0;0;0;283179;986;969;91;465;338;647;538;1007;-1867;-201;9891;-36;183;-1238;
0;1006;0;900;41;18;132;0;200;1;0;0;0;0;0;0;283189;978;969;104;465;338;647;538;1007;-1932;-275;9922;6;188;-1198;
0;1006;0;900;41;18;132;0;200;1;0;0;0;0;0;0;283199;986;969;104;465;338;647;536;1005;-1954;-316;9992;-45;162;-1154;
0;1006;0;900;41;18;132;0;200;1;0;0;0;0;0;0;283210;1002;957;97;460;331;658;543;1013;-1949;-325;10006;-54;156;-1266;
0;1006;0;900;41;18;132;0;200;1;0;0;0;0;0;0;283220;990;971;106;461;340;647;550;1019;-1963;-327;9994;-35;153;-1219;
0;1006;0;900;41;18;132;0;200;1;0;0;0;0;0;0;283229;1001;959;109;460;331;670;539;1013;-1981;-277;10040;-32;146;-1162;
0;1006;0;900;41;18;132;0;200;1;0;0;0;0;0;0;283239;981;970;94;451;327;645;532;1023;-2015;-226;10030;-8;164;-1148;
0;1005;0;900;41;18;132;0;200;1;0;0;0;0;0;0;283249;976;962;94;453;327;649;531;1023;-1948;-162;9928;-3;197;-1246;
0;1005;0;900;41;18;132;0;200;1;0;0;0;0;0;0;283259;976;962;94;451;327;645;532;1023;-1875;-179;9979;-30;196;-1194;
0;1005;0;900;41;18;132;0;200;1;0;0;0;0;0;0;283269;973;948;100;450;329;658;532;1014;-1924;-472;9926;-50;194;-1189;
0;1006;0;900;41;18;132;0;200;1;0;0;0;0;0;0;283279;993;951;101;450;329;658;532;1014;-1946;-261;9985;3;185;-1220;
0;1006;0;900;41;18;132;0;200;1;0;0;0;0;0;0;283289;997;951;100;450;328;658;532;1014;-1893;-277;9961;-47;160;-1229;
0;1006;0;900;41;18;132;0;200;1;0;0;0;0;0;0;283299;993;951;101;450;329;658;532;1014;-1886;-260;9954;-19;217;-1188;
0;1006;0;900;41;18;132;0;200;1;0;0;0;0;0;0;283310;986;969;91;469;340;647;543;1007;-1864;-316;9977;1;193;-1186;
0;1006;0;900;41;18;132;0;200;1;0;0;0;0;0;0;283319;980;970;94;451;327;645;530;1023;-1847;-276;9922;-3;207;-1217;
0;1005;0;900;41;18;132;0;200;1;0;0;0;0;0;0;283329;980;970;94;451;327;641;530;1019;-1806;-270;9964;19;188;-1147;
0;1005;0;900;41;18;132;0;200;1;0;0;0;0;0;0;283339;976;962;94;451;327;644;530;1023;-1827;-228;9944;6;192;-1214;
0;1006;0;900;41;18;132;0;200;1;0;0;0;0;0;0;283350;980;962;94;449;327;644;530;1023;-1817;-302;9960;-40;208;-1208;
0;1006;0;900;41;18;132;0;200;1;0;0;0;0;0;0;283360;980;962;94;449;327;645;530;1023;-1847;-300;9974;-15;143;-1227;
0;1006;0;900;41;18;132;0;200;1;0;0;0;0;0;0;283370;976;962;94;449;327;645;528;1023;-1890;-288;9985;-39;144;-1157;
0;1006;0;900;41;18;132;0;200;1;0;0;0;0;0;0;283380;976;962;94;447;327;645;530;1023;-1932;-300;9984;-48;163;-1266;
0;1006;0;900;41;18;132;0;200;1;0;0;0;0;0;0;283392;1000;957;105;460;331;662;541;1013;-1882;-309;9983;-21;186;-1205;
0;1006;0;900;41;18;132;0;200;1;0;0;0;0;0;0;283401;981;962;112;451;349;655;533;1023;-1918;-291;9991;-13;206;-1244;
0;1006;0;900;41;18;132;0;200;1;0;0;0;0;0;0;283410;993;950;100;454;329;659;533;1022;-1897;-252;9933;-26;187;-1225;
0;1006;0;900;41;18;132;0;200;1;0;0;0;0;0;0;283420;997;960;101;451;329;655;533;1022;-1936;-196;9982;-3;180;-1204;
0;1006;0;900;41;18;132;0;200;1;0;0;0;0;0;0;283430;978;968;106;457;340;647;550;1019;-1924;-203;9959;-76;181;-1236;
0;1006;0;900;41;18;132;0;200;1;0;0;0;0;0;0;283440;965;962;112;454;349;655;533;1023;-1892;-258;9971;-41;195;-1196;
0;1006;0;900;41;18;132;0;200;1;0;0;0;0;0;0;283450;965;962;95;454;345;655;533;1023;-1906;-271;9955;-20;196;-1231;
0;1006;0;900;41;18;132;0;200;1;0;0;0;0;0;0;283460;981;962;95;454;349;653;533;1023;-1937;-273;9902;16;196;-1226;
0;1006;0;900;41;18;132;0;200;1;0;0;0;0;0;0;283470;981;962;95;451;349;653;533;1023;-1944;-275;9906;-70;176;-1200;
0;1006;0;900;41;18;132;0;200;1;0;0;0;0;0;0;283480;990;969;91;465;340;647;554;1007;-1918;-263;9963;-44;165;-1265;
0;1006;0;900;41;18;132;0;200;1;0;0;0;0;0;0;283490;993;951;100;454;331;658;531;1015;-1942;-238;9944;-15;160;-1261;
0;1006;0;900;41;18;132;0;200;1;0;0;0;0;0;0;283500;1001;957;101;454;331;658;531;1015;-1915;-232;9981;10;199;-1173;
0;1006;0;900;41;18;132;0;200;1;0;0;0;0;0;0;283510;986;962;112;454;333;659;533;1023;-1921;-213;9934;-27;226;-1176;
0;1006;0;900;41;18;132;0;200;1;0;0;0;0;0;0;283520;987;959;104;453;330;646;538;1005;-1907;-237;9976;-29;183;-1251;
0;1006;0;900;41;18;132;0;200;1;0;0;0;0;0;0;283530;980;962;94;451;325;649;533;1023;-1885;-247;9950;-49;162;-1252;
0;1006;0;900;41;18;132;0;200;1;0;0;0;0;0;0;283540;980;962;94;454;325;649;533;1023;-1878;-310;9927;-53;180;-1240;
0;1006;0;900;41;18;132;0;200;1;0;0;0;0;0;0;283550;980;962;94;451;325;649;533;1023;-1886;-306;9895;16;168;-1199;
0;1006;0;900;41;18;132;0;200;1;0;0;0;0;0;0;283561;980;962;94;454;325;649;532;1023;-1904;-322;9910;-24;201;-1196;
0;1006;0;900;41;18;132;0;200;1;0;0;0;0;0;0;283571;973;948;100;450;328;655;533;1014;-1879;-301;10032;-12;145;-1200;
0;1006;0;900;41;18;132;0;200;1;0;0;0;0;0;0;283580;980;960;94;447;327;645;530;1023;-1901;-298;9855;-3;205;-1129;
0;1006;0;900;41;18;132;0;200;1;0;0;0;0;0;0;283590;976;954;94;449;327;645;530;1023;-1694;-294;10059;0;195;-1256;
0;1006;0;900;41;18;132;0;196;1;0;0;0;0;0;0;283600;976;954;94;449;327;645;529;1023;-1895;-289;10018;-14;178;-1196;
0;1006;0;900;41;18;132;0;196;1;0;0;0;0;0;0;283610;986;957;104;453;336;647;538;1005;-1910;-293;9871;-37;193;-1243;
0;1006;0;900;41;18;132;0;196;1;0;0;0;0;0;0;283620;997;964;101;451;329;655;533;1022;-1865;-170;10040;-20;202;-1236;
0;1006;0;900;41;18;132;0;196;1;0;0;0;0;0;0;283630;986;959;104;455;330;647;538;1005;-1909;-266;9875;-34;203;-1218;
0;1006;0;900;41;18;132;0;196;1;0;0;0;0;0;0;283640;986;959;104;453;336;647;538;1005;-1895;-293;10027;1;179;-1261;
0;1006;0;900;41;18;132;0;196;1;0;0;0;0;0;0;283650;1002;957;79;460;338;650;542;1013;-1981;-277;10033;-16;180;-1254;
0;1006;0;900;41;18;132;0;196;1;0;0;0;0;0;0;283660;997;978;112;454;333;655;533;1023;-1912;-317;9957;-24;183;-1230;
0;1006;0;900;41;18;132;0;196;1;0;0;0;0;0;0;283670;980;970;94;449;327;645;530;1019;-1932;-296;9978;-25;193;-1236;
0;1006;0;900;41;18;132;0;196;1;0;0;0;0;0;0;283680;986;957;79;460;331;650;541;1013;-1908;-209;9947;-23;206;-1190;
0;1006;0;900;41;18;132;0;196;1;0;0;0;0;0;0;283691;987;957;96;460;338;654;543;1013;-1932;-253;10081;-17;193;-1227;
0;1006;0;900;41;18;132;0;195;1;0;0;0;0;0;0;283701;1002;959;97;460;338;654;541;1013;-1918;-236;9732;6;205;-1166;
0;1006;0;900;41;18;132;0;195;1;0;0;0;0;0;0;283711;1002;957;97;460;331;654;542;1013;-1914;-249;10000;-13;185;-1224;
0;1006;0;900;41;18;132;0;195;1;0;0;0;0;0;0;283721;1002;959;97;460;338;658;543;1013;-1903;-282;9969;5;211;-1192;
0;1006;0;900;41;18;132;0;195;1;0;0;0;0;0;0;283731;980;970;94;447;327;645;529;1023;-1865;-3;9960;-36;199;-1190;
0;1006;0;900;41;18;132;0;195;1;0;0;0;0;0;0;283742;980;962;94;451;327;645;530;1023;-1870;-265;10044;-16;173;-1181;
0;1006;0;900;41;18;132;0;195;1;0;0;0;0;0;0;283751;978;968;106;449;340;645;536;1023;-1890;-253;9977;-68;175;-1251;
0;1006;0;900;41;18;132;0;195;1;0;0;0;0;0;0;283761;973;950;100;451;329;655;533;1022;-1903;-272;10060;-23;175;-1255;
0;1006;0;900;41;18;132;0;195;1;0;0;0;0;0;0;283771;993;950;101;454;321;659;533;1022;-1928;-320;9979;-36;199;-1255;
0;1005;0;900;41;18;132;0;195;1;0;0;0;0;0;0;283781;978;955;91;469;340;647;538;1007;-1982;-29;10007;-13;185;-1233;
0;1005;0;900;41;18;132;0;195;1;0;0;0;0;0;0;283791;978;955;91;469;340;647;538;1007;-1905;-295;10040;-54;187;-1258;
0;1006;0;900;41;18;132;0;196;1;0;0;0;0;0;0;283801;986;957;97;460;331;654;542;1013;-1871;-262;10015;-26;209;-1243;
0;1006;0;900;41;18;132;0;196;1;0;0;0;0;0;0;283811;1002;957;97;460;331;654;542;1013;-1836;-102;9961;-53;223;-1270;
0;1006;0;900;41;18;132;0;196;1;0;0;0;0;0;0;283821;990;971;106;453;340;647;543;1023;-1956;-219;10038;-20;194;-1203;
0;1006;0;900;41;18;132;0;196;1;0;0;0;0;0;0;283831;982;971;106;457;340;647;542;1023;-1902;-301;9951;-17;177;-1199;
0;1006;0;900;41;18;132;0;196;1;0;0;0;0;0;0;283841;982;971;106;457;340;652;542;1019;-1907;-254;10098;-45;172;-1180;
0;1006;0;900;41;18;132;0;197;1;0;0;0;0;0;0;283851;982;971;106;457;340;647;546;1019;-1904;-306;10028;-36;153;-1224;
0;1006;0;900;41;18;132;0;197;1;0;0;0;0;0;0;283862;993;957;109;460;331;666;537;1015;-1932;-259;10020;-7;201;-1209;
0;1006;0;900;41;18;132;0;197;1;0;0;0;0;0;0;283872;1003;980;101;460;331;658;537;1015;-1936;-353;9975;-4;200;-1221;
0;1006;0;900;41;18;132;0;197;1;0;0;0;0;0;0;283882;990;971;106;461;340;647;547;1023;-1855;-268;9764;-13;192;-1207;
0;1006;0;900;41;18;132;0;197;1;0;0;0;0;0;0;283892;982;971;106;461;340;647;546;1023;-1856;-273;10021;-39;167;-1204;
0;1006;0;900;41;18;132;0;198;1;0;0;0;0;0;0;283904;980;970;94;451;327;645;532;1023;-1866;-450;9945;-80;177;-1212;
0;1006;0;900;41;18;132;0;198;1;0;0;0;0;0;0;283913;993;951;100;451;328;658;532;1022;-2033;-237;9880;-61;185;-1287;
0;1006;0;900;41;18;132;0;198;1;0;0;0;0;0;0;283922;986;957;104;455;336;647;538;1005;-2276;-109;9887;-2;172;-1192;
0;1005;0;900;41;18;132;0;198;1;0;0;0;0;0;0;283932;981;962;95;454;349;655;533;1023;-2225;-505;9940;-32;171;-1228;
0;1005;0;900;41;18;132;0;198;1;0;0;0;0;0;0;283942;980;962;95;454;349;655;532;1023;-2264;-174;9912;-64;211;-1268;
0;1006;0;900;41;18;132;0;199;1;0;0;0;0;0;0;283952;980;962;94;451;327;645;530;1023;-2078;-337;9902;-24;203;-1219;
0;1006;0;900;41;18;132;0;199;1;0;0;0;0;0;0;283962;976;960;94;451;327;645;530;1023;-1986;-431;10274;-6;209;-1180;
0;1006;0;900;41;18;132;0;199;1;0;0;0;0;0;0;283972;976;954;94;451;327;645;530;1023;-1841;-185;9793;-38;248;-1212;
0;1006;0;900;41;18;132;0;199;1;0;0;0;0;0;0;283982;993;949;101;454;331;658;533;1015;-1891;-62;9855;-118;110;-1190;
0;1006;0;900;41;18;132;0;199;1;0;0;0;0;0;0;283992;1002;959;104;453;330;646;537;1005;-1687;-123;10064;-60;160;-1263;
0;1006;0;900;41;18;132;0;199;1;0;0;0;0;0;0;284002;987;973;104;453;330;646;538;1005;-1662;-120;9778;-106;216;-1181;
0;1006;0;900;41;18;132;0;199;1;0;0;0;0;0;0;284012;978;970;106;451;340;647;540;1023;-1713;-243;10227;82;174;-1267;
0;1006;0;900;41;18;132;0;199;1;0;0;0;0;0;0;284023;957;950;101;454;329;664;533;1022;-1690;-212;9794;39;266;-1164;
0;1006;0;900;41;18;132;0;199;1;0;0;0;0;0;0;284032;986;957;96;460;331;654;542;1013;-1719;-398;10131;45;108;-1243;
0;1006;0;900;41;18;132;0;199;1;0;0;0;0;0;0;284042;987;957;96;460;331;654;543;1013;-2094;-1012;9601;1;478;-1194;
0;1006;0;900;41;18;132;0;199;1;0;0;0;0;0;0;284052;1002;957;97;460;331;658;542;1013;-1771;-101;7850;-224;153;-1191;
0;1006;0;900;41;18;132;0;199;1;0;0;0;0;0;0;284062;1002;957;97;460;331;658;542;1013;-1613;-216;10425;-405;248;-1136;
0;1006;0;900;41;18;132;0;199;1;0;0;0;0;0;0;284073;982;971;106;461;340;647;547;1023;-1915;-279;9798;136;110;-1189;
0;1006;0;900;41;18;132;0;199;1;0;0;0;0;0;0;284082;973;950;100;454;329;655;533;1022;-1987;-300;9654;-25;326;-1156;
0;1006;0;900;41;18;132;0;199;1;0;0;0;0;0;0;284092;978;955;91;461;340;647;548;1019;-1957;-126;9441;-252;299;-1149;
0;1005;0;900;41;18;132;0;199;1;0;0;0;0;0;0;284102;982;969;91;465;340;653;550;1019;-2000;-170;10041;-58;39;-1242;
0;1005;0;900;41;18;132;0;199;1;0;0;0;0;0;0;284112;996;962;112;454;333;664;533;1022;-1993;-113;9683;-80;132;-1250;
0;1005;0;900;41;18;132;0;199;1;0;0;0;0;0;0;284122;981;962;95;454;325;649;532;1023;-2013;-234;10269;-47;208;-1239;
0;1006;0;900;41;18;132;0;199;1;0;0;0;0;0;0;284132;1001;957;105;460;331;666;541;1013;-1986;-237;9674;72;314;-1157;
0;1006;0;900;41;18;132;0;199;1;0;0;0;0;0;0;284142;1003;980;109;460;331;666;541;1013;-1995;-359;9936;34;123;-1260;
0;1006;0;900;41;18;132;0;200;1;0;0;0;0;0;0;284152;1003;980;109;460;331;670;539;1013;-2009;-341;10093;-109;122;-1275;
0;1006;0;900;41;18;132;0;200;1;0;0;0;0;0;0;284162;1005;980;100;450;328;658;529;1015;-1985;-359;10258;-86;143;-1246;
0;1006;0;900;41;18;132;0;200;1;0;0;0;0;0;0;284172;980;970;106;447;336;652;532;1023;-1971;-330;9957;-43;211;-1208;
0;1006;0;900;41;18;132;0;200;1;0;0;0;0;0;0;284182;993;951;100;450;328;658;529;1015;-1946;-274;10137;-62;177;-1307;
0;1006;0;900;41;18;132;0;200;1;0;0;0;0;0;0;284192;997;976;100;450;328;658;532;1015;-1894;-218;10044;-3;190;-1239;
0;1006;0;900;41;18;132;0;200;1;0;0;0;0;0;0;284203;993;951;100;450;329;658;532;1014;-1806;-175;10009;-37;210;-1267;
0;1006;0;900;41;18;132;0;200;1;0;0;0;0;0;0;284213;986;959;104;453;336;647;538;1005;-1776;-145;9885;-34;230;-1227;
0;1006;0;900;41;18;132;0;200;1;0;0;0;0;0;0;284224;982;969;91;461;340;652;554;1019;-1773;-132;10018;-56;173;-1256;
0;1006;0;900;41;18;132;0;200;1;0;0;0;0;0;0;284233;993;964;101;450;328;658;532;1022;-1820;-234;9968;-2;149;-1234;
0;1006;0;900;41;18;132;0;200;1;0;0;0;0;0;0;284243;981;962;112;451;341;655;533;1023;-1848;-233;9994;-23;230;-1189;
0;1006;0;900;41;18;132;0;200;1;0;0;0;0;0;0;284254;987;957;79;460;338;650;542;1013;-1866;-297;9884;9;232;-1217;
0;1006;0;900;41;18;132;0;200;1;0;0;0;0;0;0;284263;987;957;79;455;338;650;542;1013;-1928;-317;9881;-50;163;-1175;
0;1006;0;900;41;18;132;0;200;1;0;0;0;0;0;0;284273;987;957;79;455;338;646;541;1013;-1944;-297;10122;-45;115;-1159;
0;1006;0;900;41;18;132;0;200;1;0;0;0;0;0;0;284283;1002;959;96;457;331;650;542;1013;-1994;-289;10125;-26;226;-1232;
0;1006;0;900;41;18;132;0;200;1;0;0;0;0;0;0;284293;982;971;106;453;340;647;542;1023;-1996;-245;9972;29;278;-1210;
0;1006;0;900;41;18;132;0;200;1;0;0;0;0;0;0;284303;982;971;106;457;340;652;542;1023;-2002;-279;9902;-10;217;-1178;
0;1006;0;900;41;18;132;0;200;1;0;0;0;0;0;0;284313;996;966;100;451;329;664;533;1022;-1940;-229;9969;5;177;-1183;
0;1006;0;900;41;18;132;0;200;1;0;0;0;0;0;0;284324;993;951;101;454;330;658;531;1015;-1923;-260;9994;9;207;-1173;
0;1006;0;900;41;18;132;0;200;1;0;0;0;0;0;0;284334;982;970;94;447;327;645;531;1023;-1894;-301;9884;-4;236;-1232;
0;1006;0;900;41;18;132;0;200;1;0;0;0;0;0;0;284343;1001;957;105;460;330;666;541;1013;-1885;-357;9853;-51;218;-1279;
0;1006;0;900;41;18;132;0;200;1;0;0;0;0;0;0;284353;1001;957;105;460;330;670;541;1013;-1840;-386;9897;-57;179;-1200;
0;1006;0;900;41;18;132;0;200;1;0;0;0;0;0;0;284363;1003;980;109;460;330;670;539;1013;-1797;-187;9960;-77;176;-1272;
0;1006;0;900;41;18;132;0;200;1;0;0;0;0;0;0;284375;1002;973;97;458;330;658;542;1013;-1844;-240;9952;-6;203;-1177;
0;1006;0;900;41;18;132;0;200;1;0;0;0;0;0;0;284384;1001;980;101;458;330;658;533;1015;-1809;-235;9969;-85;200;-1142;
0;1006;0;900;41;18;132;0;200;1;0;0;0;0;0;0;284394;1001;980;101;454;330;658;531;1015;-1850;-198;10153;-58;135;-1235;
0;1006;0;900;41;18;132;0;200;1;0;0;0;0;0;0;284405;990;971;91;465;338;647;538;1007;-1862;-258;10044;-13;213;-1231;
0;1006;0;900;41;18;132;0;200;1;0;0;0;0;0;0;284416;1002;973;104;453;330;647;538;1005;-1893;-250;9994;-36;232;-1186;
0;1006;0;900;41;18;132;0;196;1;0;0;0;0;0;0;284425;997;978;112;451;341;655;532;1023;-1885;-236;9990;10;185;-1141;
0;1006;0;900;41;18;132;0;196;1;0;0;0;0;0;0;284434;973;962;100;451;329;659;533;1022;-1905;-288;10017;16;187;-1168;
0;1006;0;900;41;18;132;0;196;1;0;0;0;0;0;0;284444;996;962;100;451;329;659;533;1022;-1915;-261;9937;-16;209;-1189;
0;1006;0;900;41;18;132;0;196;1;0;0;0;0;0;0;284454;996;962;112;451;333;659;533;1023;-1934;-244;9943;23;200;-1216;
0;1006;0;900;41;18;132;0;196;1;0;0;0;0;0;0;284464;1001;957;109;460;330;666;541;1013;-1969;-237;9945;-37;171;-1251;
0;1006;0;900;41;18;132;0;196;1;0;0;0;0;0;0;284475;1003;965;109;460;330;666;541;1013;-1938;-219;10034;-31;183;-1166;
0;1006;0;900;41;18;132;0;196;1;0;0;0;0;0;0;284484;1003;980;109;458;330;674;537;1015;-1963;-196;10007;-11;206;-1185;
0;1006;0;900;41;18;132;0;196;1;0;0;0;0;0;0;284494;1003;980;109;458;330;666;537;1015;-1971;-202;10056;-7;184;-1141;
0;1006;0;900;41;18;132;0;197;1;0;0;0;0;0;0;284505;983;970;94;449;327;645;530;1019;-1911;-253;10031;-1;219;-1216;
0;1006;0;900;41;18;132;0;197;1;0;0;0;0;0;0;284514;980;962;95;451;341;651;533;1023;-1937;-273;10016;2;190;-1195;
0;1006;0;900;41;18;132;0;197;1;0;0;0;0;0;0;284525;993;951;100;454;330;658;531;1015;-1913;-305;10004;-40;182;-1224;
0;1006;0;900;41;18;132;0;197;1;0;0;0;0;0;0;284534;981;962;94;451;325;645;532;1023;-1907;-326;9992;-23;202;-1170;
0;1006;0;900;41;18;132;0;197;1;0;0;0;0;0;0;284544;973;949;100;450;328;654;532;1014;-1883;-319;10009;-25;184;-1213;
0;1006;0;900;41;18;132;0;198;1;0;0;0;0;0;0;284554;973;948;100;450;328;658;532;1014;-1907;-301;10041;-7;218;-1183;
0;1006;0;900;41;18;132;0;198;1;0;0;0;0;0;0;284564;1000;949;105;460;330;666;541;1013;-1866;-279;10029;-25;187;-1251;
0;1006;0;900;41;18;132;0;198;1;0;0;0;0;0;0;284574;997;960;101;451;319;659;533;1022;-1851;-263;10001;-25;185;-1186;
0;1006;0;900;41;18;132;0;198;1;0;0;0;0;0;0;284585;980;968;94;447;327;645;530;1019;-1882;-257;10025;-43;191;-1232;
0;1006;0;900;41;18;132;0;198;1;0;0;0;0;0;0;284594;965;962;112;451;341;655;534;1023;-1869;-234;10011;-31;188;-1229;
0;1006;0;900;41;18;132;0;198;1;0;0;0;0;0;0;284604;965;962;95;450;341;653;533;1023;-1885;-279;10023;-10;174;-1225;
0;1006;0;900;41;18;132;0;198;1;0;0;0;0;0;0;284614;1001;949;105;460;330;666;541;1013;-1872;-272;10025;13;178;-1199;
0;1006;0;900;41;18;132;0;199;1;0;0;0;0;0;0;284624;1001;957;109;460;330;670;540;1013;-1912;-266;9985;-12;189;-1292;
0;1006;0;900;41;18;132;0;199;1;0;0;0;0;0;0;284634;990;971;104;453;338;647;538;1005;-1894;-277;9996;3;189;-1178;
0;1006;0;900;41;18;132;0;199;1;0;0;0;0;0;0;284644;973;951;100;450;323;655;532;1014;-1918;-273;9968;-13;185;-1189;
0;1006;0;900;41;18;132;0;199;1;0;0;0;0;0;0;284654;993;960;100;451;321;664;533;1022;-1928;-247;10023;-8;196;-1220;
0;1006;0;900;41;18;132;0;199;1;0;0;0;0;0;0;284665;982;968;106;445;336;645;532;1019;-1904;-231;9993;-35;198;-1208;
0;1006;0;900;41;18;132;0;199;1;0;0;0;0;0;0;284675;986;959;104;453;336;647;536;1005;-1911;-268;10018;-24;175;-1215;
0;1006;0;900;41;18;132;0;199;1;0;0;0;0;0;0;284684;980;968;106;445;336;645;534;1023;-1922;-218;10009;7;187;-1156;
0;1006;0;900;41;18;132;0;199;1;0;0;0;0;0;0;284694;993;957;105;460;330;666;541;1013;-1923;-245;9992;13;188;-1118;
0;1006;0;900;41;18;132;0;199;1;0;0;0;0;0;0;284704;1003;965;109;458;330;666;539;1013;-1901;-250;9961;-17;195;-1233;
0;1006;0;900;41;18;132;0;199;1;0;0;0;0;0;0;284715;982;971;106;453;340;647;542;1019;-1888;-251;10019;-28;186;-1156;
0;1006;0;900;41;18;132;0;199;1;0;0;0;0;0;0;284725;982;971;106;461;340;647;550;1019;-1882;-258;10028;-31;171;-1237;
0;1006;0;900;41;18;132;0;199;1;0;0;0;0;0;0;284735;993;951;100;454;330;658;531;1015;-1888;-246;10056;-26;187;-1142;
0;1006;0;900;41;18;132;0;199;1;0;0;0;0;0;0;284745;1001;976;100;454;330;658;531;1015;-1880;-277;9986;-24;188;-1203;
0;1006;0;900;41;18;132;0;199;1;0;0;0;0;0;0;284756;1010;973;104;453;336;647;538;1005;-1894;-276;10010;29;196;-1208;
0;1006;0;900;41;18;132;0;199;1;0;0;0;0;0;0;284766;993;964;100;450;323;658;532;1022;-1891;-291;9993;-15;181;-1182;
0;1005;0;900;41;18;132;0;199;1;0;0;0;0;0;0;284775;987;957;79;455;330;646;541;1013;-1882;-259;9970;-27;203;-1220;
0;1005;0;900;41;18;132;0;199;1;0;0;0;0;0;0;284785;1003;973;96;455;330;654;541;1013;-1895;-251;10016;254;202;-1198;
0;1005;0;900;41;18;132;0;199;1;0;0;0;0;0;0;284795;1002;973;97;457;331;658;543;1013;-1897;-262;10016;2;201;-1224;
0;1006;0;900;41;18;132;0;199;1;0;0;0;0;0;0;284805;981;966;101;451;329;659;533;1022;-1912;-267;10013;3;205;-1231;
0;1006;0;900;41;18;132;0;199;1;0;0;0;0;0;0;284815;981;962;112;451;333;655;533;1023;-1898;-271;9971;19;201;-1201;
0;1006;0;900;41;18;132;0;200;1;0;0;0;0;0;0;284825;981;962;116;451;333;655;533;1023;-1924;-269;10013;-15;175;-1176;
0;1006;0;900;41;18;132;0;200;1;0;0;0;0;0;0;284835;965;962;112;451;341;655;533;1023;-1891;-272;10044;-1;168;-1141;
0;1006;0;900;41;18;132;0;200;1;0;0;0;0;0;0;284845;980;962;94;449;327;645;530;1023;-1918;-282;10034;-34;193;-1218;
0;1006;0;900;41;18;132;0;200;1;0;0;0;0;0;0;284855;976;960;94;447;327;645;529;1023;-1903;-278;10006;-22;190;-1219;
0;1006;0;900;41;18;132;0;200;1;0;0;0;0;0;0;284865;993;949;100;450;329;658;529;1015;-1897;-277;10046;-24;217;-1244;
0;1006;0;900;41;18;132;0;200;1;0;0;0;0;0;0;284875;993;951;101;450;328;658;529;1014;-1889;-275;10012;-4;190;-1180;
0;1006;0;900;41;18;132;0;200;1;0;0;0;0;0;0;284886;1000;957;105;460;330;662;543;1013;-1920;-279;10028;13;181;-1192;
0;1006;0;900;41;18;132;0;200;1;0;0;0;0;0;0;284896;993;960;101;451;321;658;533;1022;-1901;-268;9993;-41;202;-1213;
0;1006;0;900;41;18;132;0;200;1;0;0;0;0;0;0;284906;982;968;106;453;340;647;542;1023;-1878;-278;10234;-36;210;-1243;
0;1006;0;900;41;18;132;0;200;1;0;0;0;0;0;0;284916;978;968;106;457;340;652;547;1019;-1880;-265;9963;-42;190;-1282;
0;1006;0;900;41;18;132;0;200;1;0;0;0;0;0;0;284926;978;969;91;461;340;647;554;1007;-1886;-255;9983;-41;166;-1185;
0;1006;0;900;41;18;132;0;200;1;0;0;0;0;0;0;284936;982;970;106;447;340;645;536;1023;-1889;-261;10010;-81;180;-1271;
0;1006;0;900;41;18;132;0;200;1;0;0;0;0;0;0;284947;987;957;96;455;330;650;542;1013;-1916;-235;10043;-14;184;-1232;
0;1006;0;900;41;18;132;0;200;1;0;0;0;0;0;0;284956;1003;980;109;458;330;666;537;1015;-1909;-249;10000;-24;191;-1218;
0;1006;0;900;41;18;132;0;200;1;0;0;0;0;0;0;284966;1001;980;101;458;330;658;533;1015;-1867;-241;10013;-28;170;-1212;
0;1006;0;900;41;18;132;0;200;1;0;0;0;0;0;0;284976;997;976;100;450;321;655;533;1022;-1895;-257;10029;-16;184;-1225;
0;1006;0;900;41;18;132;0;200;1;0;0;0;0;0;0;284986;997;976;100;451;319;655;533;1022;-1902;-4;10003;-47;184;-1228;
0;1006;0;900;41;18;132;0;200;1;0;0;0;0;0;0;284996;997;966;101;451;329;664;533;1022;-1900;-273;10005;-30;216;-1263;
0;1006;0;900;41;18;132;0;200;1;0;0;0;0;0;0;285006;987;957;79;453;330;646;539;1005;-1899;-283;10037;-45;185;-1241;
0;1006;0;900;41;18;132;0;200;1;0;0;0;0;0;0;285016;1003;957;105;460;330;666;541;1013;-1921;-269;10000;-7;185;-1169;
0;1006;0;900;41;18;132;0;200;1;0;0;0;0;0;0;285026;1001;965;109;460;330;670;539;1013;-1917;-261;10013;9;195;-1210;
0;1006;0;900;41;18;132;0;200;1;0;0;0;0;0;0;285036;1003;980;109;458;330;658;537;1013;-1895;-11;9996;5;190;-1164;
0;1006;0;900;41;18;132;0;200;1;0;0;0;0;0;0;285046;1001;980;101;458;330;658;535;1015;-1893;-267;10000;-33;184;-1217;
0;1006;0;900;41;18;132;0;200;1;0;0;0;0;0;0;285056;986;969;104;453;330;647;536;1005;-1899;-276;10013;0;192;-1209;
0;1006;0;900;41;18;132;0;200;1;0;0;0;0;0;0;285066;986;959;104;453;330;646;538;1005;-1929;-285;10015;-32;205;-1155;
0;1006;0;900;41;18;132;0;200;1;0;0;0;0;0;0;285076;986;957;97;453;330;646;539;1005;-1906;-286;9998;0;181;-1211;
0;1006;0;900;41;18;132;0;200;1;0;0;0;0;0;0;285086;986;957;96;455;330;646;539;1005;-1890;-327;9968;-44;189;-1185;
0;1006;0;900;41;18;132;0;200;1;0;0;0;0;0;0;285096;986;957;79;453;330;646;541;1005;-1917;-274;9962;-6;159;-1200;
0;1006;0;900;41;18;132;0;200;1;0;0;0;0;0;0;285106;973;950;101;450;321;664;532;1022;-1925;-280;10094;-58;214;-1244;
0;1006;0;900;41;18;132;0;200;1;0;0;0;0;0;0;285117;1000;957;96;455;330;650;541;1013;-1908;-271;10001;-1;194;-1203;
0;1006;0;900;41;18;132;0;200;1;0;0;0;0;0;0;285126;1003;965;109;458;330;670;539;1013;-1892;-271;10018;-14;176;-1170;
0;1006;0;900;41;18;132;0;200;1;0;0;0;0;0;0;285136;996;962;101;451;329;659;533;1022;-1882;-218;10041;-31;190;-1177;
0;1006;0;900;41;18;132;0;200;1;0;0;0;0;0;0;285146;981;962;95;451;341;653;533;1023;-1902;-239;10019;-28;193;-1197;
0;1005;0;900;41;18;132;0;200;1;0;0;0;0;0;0;285156;1003;959;105;460;330;666;541;1013;-1897;-251;10008;-46;200;-1259;
0;1005;0;900;41;18;132;0;200;1;0;0;0;0;0;0;285166;1003;980;105;460;330;670;540;1013;-1895;-254;10009;-256;220;-1247;
0;1006;0;900;41;18;132;0;200;1;0;0;0;0;0;0;285176;1003;980;109;460;330;670;539;1013;-1896;-279;10011;-35;205;-1189;
0;1006;0;900;41;18;132;0;200;1;0;0;0;0;0;0;285186;1005;980;85;448;328;658;532;1014;-1896;-297;10002;-48;171;-1231;
0;1006;0;900;41;18;132;0;200;1;0;0;0;0;0;0;285196;1005;976;100;450;323;658;533;1014;-1909;-285;10033;-8;172;-1188;
0;1006;0;900;41;18;132;0;200;1;0;0;0;0;0;0;285206;986;969;104;453;330;647;538;1005;-1932;-297;10034;-48;174;-1229;
0;1006;0;900;41;18;132;0;200;1;0;0;0;0;0;0;285216;993;964;101;450;319;658;533;1022;-1918;-281;10086;-57;177;-1203;
0;1006;0;900;41;18;132;0;200;1;0;0;0;0;0;0;285227;973;950;101;451;321;655;533;1022;-1916;-253;10073;-25;190;-1225;
0;1006;0;900;41;18;132;0;200;1;0;0;0;0;0;0;285237;996;962;100;451;329;659;533;1022;-1921;-265;10051;-50;200;-1247;
0;1006;0;900;41;18;132;0;200;1;0;0;0;0;0;0;285247;997;962;112;451;333;655;534;1023;-1913;-261;9981;-30;191;-1187;
0;1006;0;900;41;18;132;0;200;1;0;0;0;0;0;0;285257;1002;957;97;457;331;656;543;1013;-1903;-262;9992;-34;210;-1225;
0;1006;0;900;41;18;132;0;200;1;0;0;0;0;0;0;285267;1003;959;97;460;330;658;543;1013;-1880;-502;9959;23;164;-1225;
0;1006;0;900;41;18;132;0;200;1;0;0;0;0;0;0;285277;1003;980;101;455;330;658;533;1015;-1889;-255;10004;-21;193;-1175;
0;1006;0;900;41;18;132;0;200;1;0;0;0;0;0;0;285288;982;971;106;449;340;647;538;1023;-1920;-256;9995;-10;162;-1198;
0;1006;0;900;41;18;132;0;200;1;0;0;0;0;0;0;285298;980;970;94;447;327;645;530;1019;-1897;-248;10058;-55;174;-1219;
0;1006;0;900;41;18;132;0;200;1;0;0;0;0;0;0;285307;976;968;94;447;327;645;531;1023;-1928;-286;10044;-23;174;-1203;
0;1006;0;900;41;18;132;0;200;1;0;0;0;0;0;0;285317;986;957;79;455;330;646;540;1005;-1913;-267;10070;-47;196;-1247;
