24;386;0;806;18;82;128;34;664;1;18;0;0;0;0;0;808672;1002;957;97;454;330;658;540;1013;-2205;-71;8517;248;35;-1231;
24;386;0;806;18;82;128;34;664;1;18;0;0;0;0;0;808682;1002;957;97;455;330;662;541;1013;-1103;-1926;12950;269;403;-1187;
24;386;0;806;18;82;128;34;664;1;18;0;0;0;0;0;808692;1002;957;97;455;330;658;541;1013;-3356;-3520;10204;-292;97;-1152;
24;384;0;805;18;82;128;34;664;1;18;0;0;0;0;0;808702;980;968;114;445;327;645;534;1023;-4353;2296;7158;134;554;-1239;
24;384;0;805;18;82;128;34;664;1;18;0;0;0;0;0;808712;986;957;106;452;326;646;536;1005;849;-329;11581;-320;-9;-1349;
25;388;0;804;18;82;128;34;664;1;18;0;0;0;0;0;808723;993;950;85;450;317;655;532;1022;-1783;2444;6725;-143;194;-1213;
25;388;0;804;18;82;128;34;664;1;18;0;0;0;0;0;808732;982;968;114;449;336;645;542;1023;-2639;-1483;12232;49;225;-1230;
25;388;0;804;18;82;128;34;664;1;18;0;0;0;0;0;808742;982;968;114;449;336;645;542;1019;-1133;-1274;8799;103;91;-1246;
25;385;0;804;18;82;128;35;664;1;18;0;0;0;0;0;808752;997;962;87;450;319;655;532;1023;-7409;-710;9479;-54;545;-1048;
25;385;0;804;18;82;128;35;664;1;18;0;0;0;0;0;808762;1001;951;101;458;328;658;533;1015;3611;-1339;8598;-55;-20;-1338;
24;385;0;803;18;82;128;35;664;1;18;0;0;0;0;0;808773;982;968;114;445;327;645;536;1023;1236;2769;7697;-244;333;-1207;
24;385;0;803;18;82;128;35;664;1;18;0;0;0;0;0;808782;973;950;87;450;329;655;532;1023;-1948;1968;12549;-173;80;-1226;
24;385;0;803;18;82;128;35;664;1;18;0;0;0;0;0;808792;980;960;114;445;325;645;530;1023;104;-474;7225;235;84;-1348;
25;388;0;803;18;82;128;35;664;1;18;0;0;0;0;0;808803;1000;949;109;456;328;658;533;1015;-2421;-2026;15514;-501;370;-1009;
25;388;0;803;18;82;128;35;664;1;18;0;0;0;0;0;808813;982;968;114;445;327;645;538;1023;-3307;-1161;9822;143;106;-1266;
24;386;0;804;18;82;128;35;664;1;18;0;0;0;0;0;808822;976;954;114;445;325;645;528;1023;-2831;-1593;7787;76;440;-1179;
24;386;0;804;18;82;128;35;664;1;18;0;0;0;0;0;808832;975;949;109;458;328;666;539;1013;-1468;2497;13799;-163;59;-1203;
24;386;0;804;18;82;128;35;664;1;18;0;0;0;0;0;808842;976;954;114;449;336;647;542;1023;-1730;1913;6931;382;223;-1364;
24;389;0;807;18;82;128;35;664;1;18;0;0;0;0;0;808852;993;948;85;448;315;655;532;1022;-4970;-2559;13541;-216;223;-1067;
24;389;0;807;18;82;128;35;664;1;18;0;0;0;0;0;808862;986;943;104;452;322;646;538;1005;-2362;-650;10460;341;115;-1240;
24;388;0;811;18;82;128;36;664;1;18;0;0;0;0;0;808873;982;955;122;453;336;647;546;1023;-3145;-3254;11155;176;475;-1216;
24;388;0;811;18;82;128;36;664;1;18;0;0;0;0;0;808882;982;968;106;463;336;647;547;1017;-2143;-18;11814;-416;-49;-1197;
24;388;0;811;18;82;128;36;664;1;18;0;0;0;0;0;808892;996;962;87;451;329;655;533;1023;487;3592;7553;297;237;-1357;
24;391;0;820;18;82;128;36;664;1;18;0;0;0;0;0;808902;986;957;104;453;330;646;538;1013;-5174;-2247;12315;-233;243;-1144;
24;391;0;820;18;82;128;36;664;1;18;0;0;0;0;0;808912;980;960;114;447;325;644;528;1019;-1323;-370;9652;337;60;-1034;
23;392;0;822;18;82;128;35;664;1;18;0;0;0;0;0;808923;1000;949;109;460;328;670;539;1013;-2893;-2496;10681;116;409;-1218;
23;392;0;822;18;82;128;35;664;1;18;0;0;0;0;0;808932;987;957;97;455;330;658;541;1013;-2864;-1231;10821;-527;35;-1164;
23;392;0;822;18;82;128;35;664;1;18;0;0;0;0;0;808942;980;960;114;445;325;645;530;1019;1227;3152;7121;286;241;-1331;
23;395;0;823;18;82;128;36;664;1;18;0;0;0;0;0;808952;980;954;114;445;325;645;528;1023;-2990;-1140;13701;-119;189;-1160;
23;395;0;823;18;82;128;36;664;1;18;0;0;0;0;0;808962;965;962;94;450;333;649;532;1023;-1631;-1138;10660;388;155;-1223;
23;396;0;819;18;82;128;36;664;1;18;0;0;0;0;0;808973;986;957;97;455;330;656;539;1013;-2622;-2576;10792;142;401;-1119;
23;396;0;819;18;82;128;36;664;1;18;0;0;0;0;0;808983;993;949;69;450;321;658;527;1014;-2757;-2012;10192;-498;108;-1206;
23;396;0;819;18;82;128;36;664;1;18;0;0;0;0;0;808993;978;943;122;453;336;647;546;1023;861;3998;7456;-30;172;-1371;
23;396;0;819;18;82;128;32;665;1;18;0;0;0;0;0;809003;993;950;85;450;317;655;531;1022;-2990;-679;13323;-55;135;-1122;
23;396;0;819;18;82;128;32;665;1;18;0;0;0;0;0;809013;986;957;75;452;322;646;538;1005;-1841;-608;9133;300;147;-1268;
23;400;0;811;18;82;128;32;665;1;18;0;0;0;0;0;809023;993;951;109;458;328;658;536;1015;-2913;-1368;12237;49;358;-1254;
23;400;0;811;18;82;128;32;665;1;18;0;0;0;0;0;809033;982;968;106;461;336;647;550;1019;-3087;-2545;10077;-368;189;-1205;
23;400;0;811;18;82;128;32;665;1;18;0;0;0;0;0;809043;1001;951;101;454;328;658;532;1015;840;4084;7786;113;222;-1412;
23;403;0;810;18;82;128;32;666;1;18;0;0;0;0;0;809053;986;957;97;455;330;650;539;1013;-5396;-2989;12508;-83;197;-1072;
23;403;0;810;18;82;128;32;666;1;18;0;0;0;0;0;809063;980;962;114;443;325;645;530;1023;-1043;-771;10003;205;127;-1205;
23;403;0;809;18;82;128;33;667;1;18;0;0;0;0;0;809073;993;949;69;450;323;651;527;1014;-3197;-2368;9636;-30;313;-1189;
23;403;0;809;18;82;128;33;667;1;18;0;0;0;0;0;809083;986;957;97;455;330;658;541;1013;-3777;-1276;10894;-377;165;-1082;
23;403;0;809;18;82;128;33;667;1;18;0;0;0;0;0;809093;1003;957;109;456;328;666;539;1013;-753;1113;7774;340;175;-1423;
23;408;0;812;18;82;128;33;667;1;18;0;0;0;0;0;809103;982;968;114;445;327;645;538;1023;-4852;-5165;13378;-170;225;-1094;
23;408;0;812;18;82;128;33;667;1;18;0;0;0;0;0;809113;993;950;85;450;317;655;533;1022;-1835;-1095;10023;230;76;-1263;
23;408;0;816;18;82;128;32;667;1;18;0;0;0;0;0;809123;986;957;106;452;322;646;536;1005;-1460;-1563;9419;16;260;-1217;
23;408;0;816;18;82;128;32;667;1;18;0;0;0;0;0;809133;993;951;97;454;328;658;531;1015;-3455;681;12672;-115;76;-1180;
23;408;0;816;18;82;128;32;667;1;18;0;0;0;0;0;809143;978;955;106;463;336;647;542;1007;-1032;423;7556;399;77;-1360;
23;411;0;817;18;82;128;33;668;1;18;0;0;0;0;0;809153;973;950;87;451;319;659;532;1023;-3500;-4463;14535;-72;352;-1013;
23;411;0;817;18;82;128;33;668;1;18;0;0;0;0;0;809164;973;948;85;450;317;655;532;1022;-1411;20;8812;304;35;-1315;
23;411;0;817;18;82;128;33;668;1;18;0;0;0;0;0;809175;986;949;97;454;330;656;541;1013;-2119;587;9550;58;313;-1215;
23;411;0;817;18;82;128;33;668;1;18;0;0;0;0;0;809184;986;969;106;457;336;647;536;1005;-3384;373;12704;-112;102;-1111;
23;411;0;817;18;82;128;33;668;1;18;0;0;0;0;0;809194;981;962;94;450;333;655;532;1023;-957;372;7452;315;95;-1345;
23;412;0;808;18;82;128;35;668;1;18;0;0;0;0;0;809204;973;960;94;451;329;655;532;1023;-3605;-5153;13663;-328;323;-960;
23;412;0;808;18;82;128;35;668;1;18;0;0;0;0;0;809214;986;949;105;456;330;662;541;1013;-2232;-11;9553;296;41;-1218;
23;415;0;804;18;82;128;35;667;1;18;0;0;0;0;0;809224;993;951;101;450;315;655;531;1022;-589;759;8659;-142;431;-1202;
23;415;0;804;18;82;128;35;667;1;18;0;0;0;0;0;809234;986;957;106;452;322;646;536;1005;-2942;1301;13344;-70;90;-1168;
23;415;0;804;18;82;128;35;667;1;18;0;0;0;0;0;809244;981;962;94;450;319;645;531;1023;-1084;82;7122;355;5;-1305;
23;414;0;803;18;82;128;37;667;1;18;0;0;0;0;0;809254;976;954;122;449;336;645;542;1023;-4454;-4368;14434;-486;409;-1046;
23;414;0;803;18;82;128;37;667;1;18;0;0;0;0;0;809265;981;950;87;451;329;655;533;1023;-2160;1500;8465;296;-152;-1301;
23;418;0;802;18;82;128;34;666;1;18;0;0;0;0;0;809274;987;957;97;453;330;646;539;1013;-1197;1107;8688;-197;427;-1133;
23;418;0;802;18;82;128;34;666;1;18;0;0;0;0;0;809284;980;962;114;445;325;645;528;1023;-3242;1495;13861;-127;79;-1182;
23;418;0;802;18;82;128;34;666;1;18;0;0;0;0;0;809294;993;951;69;452;323;651;528;1014;-970;-238;7536;441;12;-1372;
23;416;0;804;18;82;128;34;666;1;18;0;0;0;0;0;809304;1000;957;109;458;328;666;541;1013;-8330;-1570;13630;-531;557;-1011;
23;416;0;804;18;82;128;34;666;1;18;0;0;0;0;0;809314;982;968;114;445;327;645;536;1023;-2074;1222;7549;287;-161;-1345;
24;421;0;808;18;82;128;33;665;1;18;0;0;0;0;0;809324;993;951;69;448;317;655;532;1022;-786;781;8206;-184;437;-1201;
24;421;0;808;18;82;128;33;665;1;18;0;0;0;0;0;809334;973;944;85;450;317;655;533;1022;-3037;1954;13517;-68;121;-1157;
24;421;0;808;18;82;128;33;665;1;18;0;0;0;0;0;809344;980;946;114;448;325;645;528;1023;-173;-2730;7341;335;60;-1287;
24;421;0;808;18;82;128;33;665;1;18;0;0;0;0;0;809355;957;946;94;450;341;655;532;1023;-4183;-2266;14773;-564;530;-933;
24;421;0;808;18;82;128;33;665;1;18;0;0;0;0;0;809364;978;943;106;461;336;647;547;1007;-2036;865;7836;265;-100;-1404;
24;420;0;814;18;82;128;34;666;1;18;0;0;0;0;0;809374;973;950;87;450;319;655;532;1023;120;851;8208;-177;452;-1213;
24;420;0;814;18;82;128;34;666;1;18;0;0;0;0;0;809384;986;957;97;454;330;654;539;1013;-3431;1430;13405;-94;97;-1135;
24;420;0;814;18;82;128;34;666;1;18;0;0;0;0;0;809394;993;951;85;450;319;654;532;1014;288;-1000;7080;378;27;-1268;
24;418;0;817;18;82;128;35;667;1;18;0;0;0;0;0;809404;978;943;106;453;326;647;536;1005;-5069;-3102;15396;-657;421;-998;
24;418;0;817;18;82;128;35;667;1;18;0;0;0;0;0;809414;981;962;94;450;317;649;530;1023;-3474;368;9013;275;-31;-1265;
24;418;0;818;18;82;128;35;667;1;18;0;0;0;0;0;809424;1000;957;109;458;330;662;541;1013;-1627;-679;7765;-55;416;-1237;
24;418;0;818;18;82;128;35;667;1;18;0;0;0;0;0;809434;973;950;85;451;317;655;532;1022;-3273;1328;13287;-401;106;-1198;
24;418;0;818;18;82;128;35;667;1;18;0;0;0;0;0;809445;981;962;94;450;333;655;532;1023;-860;805;6415;470;8;-1350;
24;418;0;818;18;82;128;35;667;1;18;0;0;0;0;0;809454;1001;949;109;458;328;658;533;1015;-5014;-4000;13632;-460;428;-1063;
24;418;0;818;18;82;128;35;667;1;18;0;0;0;0;0;809464;1001;951;101;456;328;658;532;1015;-1585;706;11466;324;44;-1296;
24;416;0;823;18;82;128;35;667;1;18;0;0;0;0;0;809474;1002;957;97;454;330;650;539;1013;-3160;-2036;7527;-12;389;-1188;
24;416;0;823;18;82;128;35;667;1;18;0;0;0;0;0;809484;980;968;114;445;325;645;529;1023;-2307;-792;11691;-640;108;-1145;
24;416;0;823;18;82;128;35;667;1;18;0;0;0;0;0;809494;986;957;97;455;330;658;541;1013;1993;3981;7381;402;141;-1413;
25;419;0;827;18;82;128;35;667;1;18;0;0;0;0;0;809504;993;949;69;450;321;651;527;1014;-7469;-3271;13944;-170;219;-1131;
25;419;0;827;18;82;128;35;667;1;18;0;0;0;0;0;809515;978;943;106;452;330;647;536;1005;-2589;809;8895;258;-26;-1265;
24;416;0;827;18;82;128;34;666;1;18;0;0;0;0;0;809526;976;946;94;450;319;645;528;1023;153;-788;11952;345;472;-1213;
24;416;0;827;18;82;128;34;666;1;18;0;0;0;0;0;809535;993;948;69;448;319;654;529;1014;-3967;-3365;11152;-510;183;-1199;
24;416;0;827;18;82;128;34;666;1;18;0;0;0;0;0;809545;993;948;85;450;315;655;532;1022;-1172;3583;6147;221;471;-1359;
25;417;0;828;18;82;128;37;666;1;18;0;0;0;0;0;809555;993;948;85;450;313;655;532;1022;3369;-1278;11204;-244;8;-1440;
25;417;0;828;18;82;128;37;666;1;18;0;0;0;0;0;809565;1000;949;109;458;328;658;535;1015;-3431;1556;7694;-165;41;-1212;
25;413;0;828;18;82;128;37;666;1;18;0;0;0;0;0;809575;1003;951;77;454;328;654;529;1015;-3665;-2311;11489;128;286;-1209;
25;413;0;828;18;82;128;37;666;1;18;0;0;0;0;0;809585;982;969;106;463;336;647;536;1007;-1475;-2806;9003;109;142;-1184;
25;413;0;828;18;82;128;37;666;1;18;0;0;0;0;0;809595;996;962;87;451;329;655;533;1023;-7945;-1710;10673;-245;482;-965;
25;412;0;825;18;82;128;35;666;1;18;0;0;0;0;0;809605;993;949;71;448;319;655;530;1014;4278;-1071;7879;-152;-56;-1479;
25;412;0;825;18;82;128;35;666;1;18;0;0;0;0;0;809615;986;955;106;452;326;647;536;1005;-1120;1752;7797;-87;361;-1115;
25;411;0;822;18;82;128;35;666;1;18;0;0;0;0;0;809625;965;962;94;450;341;653;532;1023;-1130;2567;13978;-140;93;-1156;
25;411;0;822;18;82;128;35;666;1;18;0;0;0;0;0;809635;981;962;94;450;317;649;532;1023;-473;3754;6477;452;158;-1342;
25;411;0;822;18;82;128;35;666;1;18;0;0;0;0;0;809645;982;955;114;453;336;652;546;1023;-4171;-2507;14934;-208;179;-995;
25;409;0;819;18;82;128;35;666;1;18;0;0;0;0;0;809655;986;957;97;453;330;646;539;1013;-2097;-112;12075;10;154;-1237;
25;409;0;819;18;82;128;35;666;1;18;0;0;0;0;0;809665;986;957;97;453;323;646;539;1013;-177;-1281;11496;467;477;-1190;
26;406;0;816;18;82;128;35;665;1;18;0;0;0;0;0;809675;980;962;114;447;325;645;527;1019;-3557;-949;11012;-461;26;-1191;
26;406;0;816;18;82;128;35;665;1;18;0;0;0;0;0;809686;993;951;77;450;323;654;527;1014;2017;2705;7063;201;692;-1240;
26;406;0;816;18;82;128;35;665;1;18;0;0;0;0;0;809696;978;955;106;465;336;647;536;1005;3612;87;12341;-218;-52;-1367;
26;401;0;813;18;82;128;35;665;1;18;0;0;0;0;0;809707;981;962;94;450;333;653;531;1023;-1616;4505;7344;-46;281;-1252;
26;401;0;813;18;82;128;35;665;1;18;0;0;0;0;0;809717;993;949;77;454;328;651;529;1014;-2543;407;12926;-96;188;-1197;
25;398;0;813;18;82;128;36;665;1;18;0;0;0;0;0;809726;976;954;114;445;327;645;532;1023;-1608;-389;7979;337;59;-1318;
25;398;0;813;18;82;128;36;665;1;18;0;0;0;0;0;809736;986;957;106;452;326;646;536;1005;-6881;-2944;15481;-282;275;-1036;
25;398;0;813;18;82;128;36;665;1;18;0;0;0;0;0;809746;981;962;94;450;319;645;531;1023;-4930;-759;8726;6;108;-1265;
26;401;0;812;18;82;128;36;665;1;18;0;0;0;0;0;809756;978;955;122;449;336;645;546;1023;-1607;-1490;7363;72;447;-1176;
26;401;0;812;18;82;128;36;665;1;18;0;0;0;0;0;809766;993;950;85;450;317;655;533;1022;-2340;-1974;11196;-349;-14;-1116;
26;398;0;811;18;82;128;36;666;1;18;0;0;0;0;0;809776;980;962;114;445;325;645;528;1023;1871;4239;7624;42;234;-1368;
26;398;0;811;18;82;128;36;666;1;18;0;0;0;0;0;809786;993;949;69;450;322;658;528;1014;-6110;-3382;13824;-83;54;-1167;
26;398;0;811;18;82;128;36;666;1;18;0;0;0;0;0;809796;978;955;106;465;336;647;536;1005;-2611;-1340;7282;-59;24;-1185;
26;398;0;815;18;82;128;37;666;1;18;0;0;0;0;0;809807;959;944;85;450;317;655;532;1022;-3060;-2556;11435;241;250;-1135;
26;398;0;815;18;82;128;37;666;1;18;0;0;0;0;0;809816;1000;949;109;458;330;666;537;1015;-3294;-3219;11218;-125;-54;-1146;
26;397;0;819;18;82;128;37;666;1;18;0;0;0;0;0;809826;982;968;114;453;336;645;546;1023;-5063;893;7124;73;580;-1151;
26;397;0;819;18;82;128;37;666;1;18;0;0;0;0;0;809836;993;950;85;450;317;655;533;1022;3253;-1362;9762;-149;-53;-1390;
26;397;0;819;18;82;128;37;666;1;18;0;0;0;0;0;809846;986;957;97;452;330;646;538;1013;-987;1201;6770;-65;414;-1224;
25;396;0;820;18;82;129;38;666;1;18;0;0;0;0;0;809856;990;969;106;465;336;647;536;1005;-1630;396;13010;-63;176;-1232;
25;396;0;820;18;82;129;38;666;1;18;0;0;0;0;0;809866;981;962;94;450;333;655;532;1023;-2531;1266;6253;367;208;-1365;
25;394;0;822;18;82;129;38;666;1;18;0;0;0;0;0;809877;996;962;94;450;333;655;532;1023;-4448;-2544;11700;-125;91;-1122;
25;394;0;822;18;82;129;38;666;1;18;0;0;0;0;0;809887;980;954;114;449;325;645;528;1023;-2590;1158;11325;-10;-219;-1205;
25;389;0;823;18;82;129;38;666;1;18;0;0;0;0;0;809897;973;948;71;448;315;655;532;1022;-713;-1870;11269;289;426;-1220;
25;389;0;823;18;82;129;38;666;1;18;0;0;0;0;0;809906;980;960;94;450;317;649;530;1023;-2373;-1440;11387;-382;17;-1151;
25;389;0;823;18;82;129;38;666;1;18;0;0;0;0;0;809916;986;941;104;452;322;646;537;1005;2454;3249;6286;162;605;-1360;
25;388;0;823;18;82;128;36;665;1;18;0;0;0;0;0;809926;982;954;123;449;336;647;543;1019;666;-447;13612;-180;-31;-1213;
25;388;0;823;18;82;128;36;665;1;18;0;0;0;0;0;809936;993;960;85;450;317;655;532;1022;-2534;555;7611;-65;68;-1211;
25;388;0;823;18;82;128;36;665;1;18;0;0;0;0;0;809946;980;962;114;445;325;645;528;1019;-3629;-2292;11506;174;243;-1275;
25;391;0;823;18;82;128;35;665;1;18;0;0;0;0;0;809956;976;954;114;445;325;645;528;1019;-1625;-3038;11089;-39;11;-1276;
25;391;0;823;18;82;128;35;665;1;18;0;0;0;0;0;809966;1001;951;77;452;322;654;527;1015;-7076;-559;9297;-32;566;-1083;
25;388;0;822;18;82;128;35;665;1;18;0;0;0;0;0;809976;986;955;106;453;330;647;536;1005;-1809;-957;9055;-49;-30;-1345;
25;388;0;822;18;82;128;35;665;1;18;0;0;0;0;0;809986;1000;957;109;456;330;666;539;1013;-1335;3163;6944;-88;349;-1223;
25;388;0;822;18;82;128;35;665;1;18;0;0;0;0;0;809996;976;954;114;447;327;645;540;1023;-1655;1430;13193;-52;72;-1207;
25;391;0;817;18;82;128;40;665;1;18;0;0;0;0;0;810006;986;957;106;453;322;646;537;1005;-1422;203;6444;467;163;-1256;
25;391;0;817;18;82;128;40;665;1;18;0;0;0;0;0;810016;980;962;94;450;317;649;530;1023;-3856;-2291;13308;-240;251;-1025;
25;388;0;815;18;82;128;40;667;1;18;0;0;0;0;0;810027;1000;949;109;458;328;658;536;1015;-1272;820;11694;150;71;-1254;
25;388;0;815;18;82;128;40;667;1;18;0;0;0;0;0;810037;982;968;122;457;336;647;547;1023;-1703;-1813;9855;200;523;-1165;
25;387;0;813;18;82;128;40;667;1;18;0;0;0;0;0;810047;978;961;107;461;336;647;550;1019;-1993;-857;10157;-405;33;-1152;
25;387;0;813;18;82;128;38;666;1;18;0;0;0;0;0;810058;993;951;85;448;315;654;532;1014;2076;3945;6333;214;425;-1363;
25;387;0;813;18;82;128;38;666;1;18;0;0;0;0;0;810068;986;943;107;453;322;646;536;1005;-223;-304;12897;-326;-16;-1336;
25;388;0;812;18;82;128;36;666;1;18;0;0;0;0;0;810077;986;969;106;461;336;647;536;1005;-2979;335;7941;54;37;-1290;
25;388;0;812;18;82;128;36;666;1;18;0;0;0;0;0;810087;990;969;106;453;326;647;536;1005;-2087;-2024;12185;237;332;-1206;
24;389;0;810;18;82;128;36;666;1;18;0;0;0;0;0;810098;993;950;85;450;317;655;532;1022;-2445;-2994;10089;106;73;-1153;
24;389;0;810;18;82;128;36;666;1;18;0;0;0;0;0;810107;1000;957;105;457;330;658;541;1013;-6705;850;8266;-42;585;-1149;
24;389;0;810;18;82;128;36;666;1;18;0;0;0;0;0;810117;993;950;85;450;313;655;532;1022;3188;-1070;10930;-304;-160;-1485;
25;387;0;812;18;82;128;37;666;1;18;0;0;0;0;0;810127;986;953;106;453;326;647;536;1005;-1809;3285;7921;-215;316;-1272;
25;387;0;812;18;82;128;37;666;1;18;0;0;0;0;0;810137;980;962;94;450;317;645;531;1023;-2023;290;12969;60;216;-1227;
25;388;0;816;18;82;128;36;666;1;18;0;0;0;0;0;810148;978;943;106;452;326;646;536;1005;-1195;-848;8130;485;80;-1319;
25;388;0;816;18;82;128;36;667;1;18;0;0;0;0;0;810157;986;957;97;453;330;646;537;1013;-6537;-1385;9804;-194;587;-1096;
25;388;0;816;18;82;128;36;667;1;18;0;0;0;0;0;810167;980;960;114;447;325;644;528;1023;2233;-834;7532;35;-36;-1275;
24;391;0;818;18;82;128;36;667;1;18;0;0;0;0;0;810177;993;949;97;454;323;658;529;1015;51;2658;6928;-23;360;-1180;
24;391;0;818;18;82;128;36;667;1;18;0;0;0;0;0;810187;982;955;106;465;336;647;536;1007;-2043;2241;12721;-168;34;-1210;
24;388;0;819;18;82;128;36;667;1;18;0;0;0;0;0;810198;973;950;87;451;329;655;533;1023;-1632;404;6386;411;43;-1299;
24;388;0;819;18;82;128;36;666;1;18;0;0;0;0;0;810208;973;946;87;450;329;655;532;1023;-3904;-2682;13788;-313;272;-1092;
24;388;0;819;18;82;128;36;666;1;18;0;0;0;0;0;810218;986;949;97;455;330;656;541;1013;-2561;-1307;10174;233;112;-1264;
24;394;0;820;18;82;128;36;666;1;18;0;0;0;0;0;810228;976;954;114;447;325;645;526;1023;-2831;-3022;9890;80;458;-1198;
24;394;0;820;18;82;128;36;666;1;18;0;0;0;0;0;810240;971;949;105;456;330;662;541;1013;-2526;-1670;10804;-446;-17;-1153;
24;394;0;820;18;82;128;36;666;1;18;0;0;0;0;0;810249;973;946;87;450;317;655;533;1023;-1060;3294;7722;386;183;-1343;
24;394;0;820;18;82;128;36;666;1;18;0;0;0;0;0;810258;976;954;114;445;325;645;529;1019;-5517;-3068;12590;-143;226;-1089;
24;394;0;820;18;82;128;36;666;1;18;0;0;0;0;0;810268;976;954;114;443;325;645;531;1023;-2102;-1495;10558;350;156;-1286;
24;396;0;821;18;82;127;33;667;1;18;0;0;0;0;0;810278;993;948;69;450;319;651;529;1014;-3874;-3159;10895;101;484;-1202;
24;396;0;821;18;82;127;33;667;1;18;0;0;0;0;0;810288;980;960;112;450;317;653;531;1023;-3620;-539;11452;-448;13;-1246;
23;394;0;828;18;82;127;33;667;1;18;0;0;0;0;0;810299;978;943;106;465;336;647;536;1005;-208;3219;7644;397;205;-1441;
23;394;0;828;18;82;127;33;667;1;18;0;0;0;0;0;810308;976;954;114;445;327;645;538;1023;-5242;-3542;11960;-232;230;-1104;
23;394;0;828;18;82;127;33;667;1;18;0;0;0;0;0;810318;993;950;85;450;317;655;532;1022;-1399;-552;10516;291;66;-1324;
24;400;0;831;18;82;127;34;668;1;18;0;0;0;0;0;810328;986;957;104;452;322;646;538;1005;-2787;-2830;9040;24;369;-1210;
24;400;0;831;18;82;127;34;668;1;18;0;0;0;0;0;810339;986;957;97;454;330;650;539;1013;-3193;-847;11475;-415;97;-1165;
24;397;0;833;18;82;127;35;668;1;18;0;0;0;0;0;810348;1001;951;109;458;328;658;537;1015;437;2684;7862;390;167;-1397;
24;397;0;833;18;82;127;35;668;1;18;0;0;0;0;0;810358;993;950;85;450;317;655;533;1022;-5287;-3180;12603;-100;214;-1043;
24;397;0;833;18;82;127;35;668;1;18;0;0;0;0;0;810368;993;951;69;454;328;658;529;1014;-1030;-782;10953;327;55;-1226;
24;403;0;834;18;82;127;35;668;1;18;0;0;0;0;0;810378;1001;951;77;454;323;658;529;1015;-3189;-3011;9471;102;385;-1210;
24;403;0;834;18;82;127;35;668;1;18;0;0;0;0;0;810388;982;968;90;465;336;647;536;1007;-2564;-1155;11085;-386;108;-1168;
23;400;0;831;18;82;128;35;667;1;18;0;0;0;0;0;810399;986;957;105;455;330;658;541;1013;2113;4584;7145;85;191;-1367;
23;400;0;831;18;82;128;35;667;1;18;0;0;0;0;0;810409;993;949;69;454;322;654;527;1014;-4062;-2474;13394;-113;195;-1055;
23;400;0;831;18;82;128;35;667;1;18;0;0;0;0;0;810419;981;962;112;449;319;645;530;1023;-1165;-206;9047;291;38;-1251;
24;406;0;829;18;82;128;35;667;1;18;0;0;0;0;0;810428;1001;951;69;450;319;655;529;1014;-3521;-1773;10164;60;409;-1169;
24;406;0;829;18;82;128;35;667;1;18;0;0;0;0;0;810438;1003;957;105;455;330;662;541;1013;-2305;-2273;10864;-484;95;-1111;
24;403;0;823;18;82;128;36;668;1;18;0;0;0;0;0;810449;997;960;87;450;317;655;533;1022;1654;5050;7577;389;188;-1329;
24;403;0;823;18;82;128;36;668;1;18;0;0;0;0;0;810458;993;951;85;450;315;654;532;1022;-5995;-3472;12364;-69;256;-1016;
24;403;0;823;18;82;128;36;668;1;18;0;0;0;0;0;810468;986;953;106;452;326;646;536;1005;-1513;137;11165;319;65;-1249;
24;407;0;818;18;82;128;33;668;1;18;0;0;0;0;0;810478;980;962;94;450;333;653;531;1023;-3094;-1367;11369;117;392;-1225;
24;407;0;818;18;82;128;33;668;1;18;0;0;0;0;0;810488;987;949;109;458;328;666;541;1013;-2264;-2605;10088;-521;158;-1115;
24;405;0;810;18;82;128;33;668;1;18;0;0;0;0;0;810499;1000;957;105;455;330;658;541;1013;1526;3236;8012;366;127;-1351;
24;405;0;810;18;82;128;33;668;1;18;0;0;0;0;0;810509;1001;951;69;450;323;654;527;1014;-4079;-2438;13698;-140;229;-1116;
24;405;0;810;18;82;128;33;668;1;18;0;0;0;0;0;810518;981;962;94;450;325;645;530;1023;-1477;984;8819;316;2;-1288;
24;407;0;807;18;82;128;32;668;1;18;0;0;0;0;0;810528;1001;957;109;458;328;670;539;1013;-1223;-2195;12747;187;452;-1252;
24;407;0;807;18;82;128;32;668;1;18;0;0;0;0;0;810539;982;968;114;449;336;647;542;1023;-2976;-3569;10091;-437;210;-1156;
24;406;0;806;18;82;128;33;667;1;18;0;0;0;0;0;810549;993;950;85;450;317;655;533;1022;2612;4159;7160;165;245;-1359;
24;406;0;806;18;82;128;33;667;1;18;0;0;0;0;0;810559;986;957;105;453;322;646;536;1005;-769;-1323;13328;-221;-95;-1346;
24;406;0;806;18;82;128;33;667;1;18;0;0;0;0;0;810569;981;962;95;448;319;645;530;1023;-2205;1487;7141;-45;70;-1299;
24;405;0;805;18;82;128;33;667;1;18;0;0;0;0;0;810579;993;949;101;458;328;658;533;1015;-2007;-331;12067;264;312;-1250;
24;405;0;805;18;82;128;33;667;1;18;0;0;0;0;0;810590;986;957;104;453;322;646;537;1005;-3410;-3184;10155;-31;206;-1148;
24;405;0;805;18;82;128;34;667;1;18;0;0;0;0;0;810600;986;955;106;461;336;647;536;1005;-1953;2412;8325;43;588;-1230;
24;405;0;805;18;82;128;34;667;1;18;0;0;0;0;0;810609;1001;951;101;454;328;658;529;1014;1301;-1795;10965;-252;-175;-1331;
24;405;0;805;18;82;128;34;667;1;18;0;0;0;0;0;810619;1001;951;101;455;328;658;532;1015;-3568;1416;7509;-208;214;-1143;
24;405;0;807;18;82;128;34;667;1;18;0;0;0;0;0;810629;981;962;94;451;333;655;532;1023;-2665;-192;12271;241;331;-1268;
24;405;0;807;18;82;128;34;667;1;18;0;0;0;0;0;810639;986;957;97;455;330;650;541;1013;-2563;-3558;10594;228;153;-1127;
24;409;0;809;18;82;128;35;667;1;18;0;0;0;0;0;810649;980;960;114;443;325;645;530;1023;-7010;1211;8262;-105;616;-1142;
24;409;0;809;18;82;128;35;667;1;18;0;0;0;0;0;810659;993;949;69;450;319;655;529;1014;4871;-922;9498;-28;-122;-1424;
24;409;0;809;18;82;128;35;667;1;18;0;0;0;0;0;810669;1000;957;105;455;330;658;541;1013;-2159;3025;7504;-286;274;-1163;
24;407;0;810;18;82;128;35;666;1;18;0;0;0;0;0;810679;1000;957;109;458;328;670;539;1013;-1789;-106;12568;-16;222;-1238;
24;407;0;810;18;82;128;35;666;1;18;0;0;0;0;0;810689;976;960;114;447;327;645;539;1023;-214;-1528;7645;445;90;-1375;
25;409;0;812;18;82;128;35;666;1;18;0;0;0;0;0;810699;993;950;85;448;315;655;531;1022;-3688;-1646;13645;-503;468;-980;
25;409;0;812;18;82;128;35;666;1;18;0;0;0;0;0;810710;986;943;106;453;322;646;537;1005;-3443;-1410;10234;139;2;-1338;
25;409;0;812;18;82;128;35;666;1;18;0;0;0;0;0;810720;981;962;94;450;317;653;530;1023;-3083;-2524;6954;-35;433;-1157;
25;406;0;812;18;82;128;34;666;1;18;0;0;0;0;0;810730;978;943;122;453;336;647;543;1023;-1893;612;12467;-430;36;-1184;
25;406;0;812;18;82;128;34;666;1;18;0;0;0;0;0;810740;993;950;85;450;317;655;532;1022;1315;4244;7147;368;258;-1384;
25;406;0;812;18;82;128;35;667;1;18;0;0;0;0;0;810750;986;943;106;452;322;646;536;1005;-5271;-2330;13479;-152;134;-1127;
25;406;0;812;18;82;128;35;667;1;18;0;0;0;0;0;810760;980;962;94;449;325;641;528;1023;-1028;1998;9033;316;-210;-1228;
25;406;0;812;18;82;128;35;667;1;18;0;0;0;0;0;810771;978;943;106;461;336;647;536;1007;-405;-1228;12834;283;475;-1215;
25;406;0;812;18;82;128;35;667;1;18;0;0;0;0;0;810781;1000;957;105;458;330;666;539;1013;-3968;-2284;10707;-403;109;-1118;
25;406;0;812;18;82;128;35;667;1;18;0;0;0;0;0;810790;1002;957;96;453;330;646;539;1013;1147;2716;6702;119;528;-1246;
24;405;0;810;18;82;128;35;666;1;18;0;0;0;0;0;810800;980;962;114;447;325;645;527;1019;-325;203;13594;-322;21;-1229;
24;405;0;810;18;82;128;35;666;1;18;0;0;0;0;0;810810;1001;951;101;454;328;658;531;1015;-2871;391;7146;114;0;-1232;
24;405;0;810;18;82;128;35;666;1;18;0;0;0;0;0;810820;982;969;106;465;336;647;536;1005;-2751;-2036;12196;114;288;-1208;
25;402;0;810;18;82;128;35;666;1;18;0;0;0;0;0;810830;996;962;87;451;329;655;533;1023;-1617;-3233;10485;77;98;-1206;
25;402;0;810;18;82;128;35;666;1;18;0;0;0;0;0;810840;980;968;114;443;325;645;531;1023;-5220;-713;8358;96;549;-1036;
25;401;0;810;18;82;128;35;666;1;18;0;0;0;0;0;810850;993;951;71;450;319;655;529;1014;2637;-652;9915;-118;-126;-1392;
25;401;0;810;18;82;128;35;666;1;18;0;0;0;0;0;810860;978;943;106;461;330;647;536;1005;-1527;3064;7902;-73;331;-1201;
25;401;0;810;18;82;128;35;666;1;18;0;0;0;0;0;810871;1002;957;105;458;330;666;539;1013;-1551;1315;13409;-112;133;-1270;
25;401;0;810;18;82;128;35;666;1;18;0;0;0;0;0;810880;978;968;114;447;336;645;539;1023;-887;-1131;9297;359;107;-1242;
25;401;0;810;18;82;128;35;666;1;18;0;0;0;0;0;810890;993;951;85;448;315;655;532;1022;-5345;-2133;15690;-417;341;-1002;
25;395;0;821;18;82;128;33;667;1;18;0;0;0;0;0;810900;986;953;106;452;322;646;536;1005;-3289;-1251;9340;75;91;-1365;
25;395;0;821;18;82;128;33;667;1;18;0;0;0;0;0;810910;981;962;94;450;325;649;532;1023;-3397;-1577;6755;-35;461;-1166;
25;395;0;821;18;82;128;33;667;1;18;0;0;0;0;0;810920;1000;949;109;458;328;666;539;1013;-1913;-1651;11104;-346;-27;-1193;
25;395;0;829;18;82;128;35;667;1;18;0;0;0;0;0;810930;1002;957;104;452;323;646;538;1005;830;2504;7479;278;152;-1408;
25;395;0;829;18;82;128;35;667;1;18;0;0;0;0;0;810940;980;962;94;449;319;645;530;1023;-5826;-2384;12527;-58;178;-1156;
25;395;0;829;18;82;128;35;668;1;18;0;0;0;0;0;810951;980;954;114;445;325;645;532;1023;-2523;492;10487;306;-7;-1294;
25;395;0;829;18;82;128;35;668;1;18;0;0;0;0;0;810960;978;955;114;453;336;645;550;1019;-714;-1967;12760;242;516;-1169;
25;395;0;829;18;82;128;35;668;1;18;0;0;0;0;0;810970;978;943;106;465;336;647;536;1007;-3942;-1694;10314;-427;34;-1165;
25;394;0;837;18;82;128;35;668;1;18;0;0;0;0;0;810980;986;957;97;455;330;658;540;1013;2352;3496;6783;227;366;-1349;
25;394;0;837;18;82;128;35;668;1;18;0;0;0;0;0;810990;976;954;114;447;325;645;528;1023;-464;-553;12938;-303;-249;-1273;
25;397;0;837;18;82;128;34;668;1;18;0;0;0;0;0;811000;993;949;77;454;328;658;529;1015;-3146;650;6652;-92;86;-1293;
25;397;0;837;18;82;128;34;668;1;18;0;0;0;0;0;811010;980;962;94;450;333;653;531;1023;-2239;-1938;11673;239;396;-1229;
25;397;0;837;18;82;128;34;668;1;18;0;0;0;0;0;811020;986;949;105;456;330;658;541;1013;-3067;-3430;10397;169;104;-1167;
24;397;0;833;18;82;128;34;668;1;18;0;0;0;0;0;811030;976;954;114;445;327;645;535;1023;-4525;1577;7402;56;513;-1161;
24;397;0;833;18;82;128;34;668;1;18;0;0;0;0;0;811040;986;953;106;453;326;647;536;1005;3957;-500;9782;-213;-70;-1336;
24;397;0;828;18;82;128;34;667;1;18;0;0;0;0;0;811051;973;946;94;450;333;655;532;1023;-291;3252;7024;-344;313;-1288;
24;397;0;828;18;82;128;34;667;1;18;0;0;0;0;0;811061;965;960;94;450;341;653;532;1023;-3008;689;12760;-96;194;-1222;
24;397;0;828;18;82;128;34;667;1;18;0;0;0;0;0;811071;986;949;105;456;330;658;540;1013;165;-111;6520;335;74;-1354;
25;396;0;824;18;82;128;34;667;1;18;0;0;0;0;0;811081;993;949;69;450;321;654;527;1014;-2942;-2542;16065;-504;330;-1074;
25;396;0;824;18;82;128;34;667;1;18;0;0;0;0;0;811091;986;943;106;452;330;647;536;1005;-3065;-670;11448;138;8;-1244;
25;396;0;821;18;82;128;34;667;1;18;0;0;0;0;0;811101;981;962;94;450;333;649;532;1023;-2421;-355;7648;45;368;-1146;
25;396;0;821;18;82;128;34;667;1;18;0;0;0;0;0;811111;1000;949;109;458;330;666;539;1013;-2278;2206;13951;-173;5;-1160;
25;396;0;821;18;82;128;34;667;1;18;0;0;0;0;0;811122;997;962;87;450;329;655;533;1023;684;2927;7690;292;229;-1386;
25;396;0;821;18;82;128;34;667;1;18;0;0;0;0;0;811131;993;949;71;448;315;655;530;1014;-5945;-2963;12289;-78;263;-1113;
25;396;0;821;18;82;128;34;667;1;18;0;0;0;0;0;811141;981;962;94;450;319;649;531;1023;-3585;-1101;11422;344;173;-1243;
24;397;0;820;18;82;128;36;667;1;18;0;0;0;0;0;811151;1003;957;109;458;328;670;539;1013;-3163;-2673;8640;141;494;-1150;
24;397;0;820;18;82;128;36;667;1;18;0;0;0;0;0;811161;982;968;122;449;336;647;542;1023;-2599;-1110;11092;-548;-4;-1167;
24;397;0;820;18;82;128;36;667;1;18;0;0;0;0;0;811171;993;950;85;450;313;655;532;1022;2528;3954;6915;251;222;-1325;
24;398;0;825;18;82;128;36;667;1;18;0;0;0;0;0;811181;981;962;94;450;319;645;530;1023;-6794;-3026;12253;-161;191;-1065;
24;398;0;825;18;82;128;36;667;1;18;0;0;0;0;0;811191;1001;949;101;456;328;658;533;1015;-1456;-101;9309;360;41;-1206;
24;399;0;840;18;82;128;35;668;1;18;0;0;0;0;0;811201;982;968;114;453;336;645;547;1023;-29;-2226;12112;264;429;-1138;
24;399;0;840;18;82;128;35;668;1;18;0;0;0;0;0;811211;993;950;85;450;317;655;533;1022;-2610;-2255;10191;-537;149;-1181;
24;399;0;840;18;82;128;35;668;1;18;0;0;0;0;0;811222;986;957;97;453;330;646;538;1005;3264;4213;6169;111;264;-1338;
24;398;0;843;18;82;128;35;668;1;18;0;0;0;0;0;811232;981;962;94;450;317;649;529;1023;155;-503;13830;-335;-15;-1126;
24;398;0;843;18;82;128;35;668;1;18;0;0;0;0;0;811242;1000;957;109;458;328;667;537;1015;-2244;816;6901;82;-1;-1239;
24;401;0;844;18;82;128;34;668;1;18;0;0;0;0;0;811252;982;968;114;453;336;647;546;1019;-1966;-1642;11810;327;283;-1215;
24;401;0;844;18;82;128;34;668;1;18;0;0;0;0;0;811262;993;950;85;450;317;655;532;1022;-2812;-3024;11141;193;130;-1178;
24;401;0;844;18;82;128;34;668;1;18;0;0;0;0;0;811272;993;949;101;456;328;658;533;1015;-1463;2887;7678;108;667;-1278;
24;399;0;842;18;82;128;35;668;1;18;0;0;0;0;0;811282;1000;949;109;458;328;658;535;1015;2253;-2104;11227;-206;-146;-1415;
24;399;0;842;18;82;128;35;668;1;18;0;0;0;0;0;811292;978;960;114;457;336;647;546;1019;-3273;1032;6363;-170;173;-1220;
24;400;0;831;18;82;128;35;668;1;18;0;0;0;0;0;811303;976;939;114;445;327;647;538;1023;-1975;-118;13340;45;172;-1245;
24;400;0;831;18;82;128;35;668;1;18;0;0;0;0;0;811312;993;949;101;456;328;658;532;1015;-2920;-2910;10172;181;101;-1139;
24;400;0;831;18;82;128;35;668;1;18;0;0;0;0;0;811322;978;955;106;463;336;647;538;1007;-6030;2010;10183;-13;622;-1075;
24;402;0;824;18;82;128;35;668;1;18;0;0;0;0;0;811332;978;943;106;463;336;647;536;1007;2669;-764;9690;-15;-76;-1449;
24;402;0;824;18;82;128;35;668;1;18;0;0;0;0;0;811342;993;950;85;450;317;655;533;1023;-1965;2443;7708;-225;367;-1149;
24;398;0;818;18;82;128;35;668;1;18;0;0;0;0;0;811352;980;960;114;445;325;645;528;1023;-2380;1122;13429;100;175;-1269;
24;398;0;818;18;82;128;35;668;1;18;0;0;0;0;0;811362;1001;951;77;454;322;658;529;1015;-181;-2290;8538;326;129;-1259;
24;398;0;818;18;82;128;35;668;1;18;0;0;0;0;0;811372;997;960;87;451;319;655;533;1022;-6268;-1509;15189;-438;546;-1025;
24;402;0;813;18;82;128;35;668;1;18;0;0;0;0;0;811382;973;950;87;451;329;655;533;1023;-3542;-1050;8331;101;-23;-1319;
24;402;0;813;18;82;128;35;668;1;18;0;0;0;0;0;811392;980;960;114;445;325;645;528;1019;-91;2555;8209;-149;361;-1200;
25;399;0;805;18;82;128;35;668;1;18;0;0;0;0;0;811403;993;949;69;450;321;651;528;1014;-2106;2588;13605;-243;43;-1170;
25;399;0;805;18;82;128;35;668;1;18;0;0;0;0;0;811412;981;960;94;451;333;655;532;1023;-999;664;5920;457;126;-1355;
24;398;0;802;18;82;128;35;668;1;18;0;0;0;0;0;811423;1000;957;105;456;330;658;541;1013;-6770;-3073;12818;-94;158;-1067;
24;398;0;802;18;82;128;35;668;1;18;0;0;0;0;0;811432;1002;957;97;455;330;658;541;1013;-753;1030;12252;496;57;-1298;
24;398;0;802;18;82;128;35;668;1;18;0;0;0;0;0;811442;993;951;71;448;319;655;531;1022;-2854;-3059;7038;115;474;-1208;
25;401;0;801;18;82;128;35;668;1;18;0;0;0;0;0;811452;986;955;106;453;330;647;536;1005;-2502;-2307;10659;-467;45;-1151;
25;401;0;801;18;82;128;35;668;1;18;0;0;0;0;0;811462;981;962;95;450;341;653;531;1023;3473;4550;6562;220;256;-1373;
25;398;0;799;18;82;128;35;668;1;18;0;0;0;0;0;811473;965;946;94;450;333;655;532;1023;142;-627;14164;-439;32;-1230;
25;398;0;799;18;82;128;37;668;1;18;0;0;0;0;0;811483;986;943;104;453;322;646;538;1005;-2550;10;8614;239;-58;-1200;
25;398;0;799;18;82;128;37;668;1;18;0;0;0;0;0;811492;978;943;106;453;322;646;537;1005;-852;-1364;12895;378;477;-1125;
25;400;0;798;18;82;128;37;668;1;18;0;0;0;0;0;811502;980;962;94;450;317;649;531;1023;-3287;-2586;11131;-404;94;-1168;
25;400;0;798;18;82;128;37;668;1;18;0;0;0;0;0;811512;1000;949;109;458;328;670;539;1013;-2384;2475;6902;175;520;-1239;
25;400;0;798;18;82;128;37;668;1;18;0;0;0;0;0;811522;993;950;85;450;317;655;533;1022;1297;-436;14008;-387;-8;-1412;
25;398;0;798;18;82;128;37;668;1;18;0;0;0;0;0;811532;981;962;94;450;317;649;532;1023;-2020;3305;6399;-45;186;-1203;
25;398;0;798;18;82;128;37;668;1;18;0;0;0;0;0;811542;1001;951;109;458;328;666;537;1015;-2809;-1702;12540;49;260;-1273;
25;397;0;800;18;82;128;36;669;1;18;0;0;0;0;0;811552;982;968;114;451;336;647;543;1023;-911;-2583;8806;139;109;-1259;
25;397;0;800;18;82;128;36;669;1;18;0;0;0;0;0;811563;993;950;69;450;315;655;532;1022;-5009;-1927;12904;-424;445;-1022;
25;398;0;803;18;82;128;36;669;1;18;0;0;0;0;0;811574;1001;949;109;458;328;666;537;1013;-2958;-1477;10232;-49;104;-1227;
25;398;0;803;18;82;128;36;669;1;18;0;0;0;0;0;811583;986;957;105;452;322;646;536;1005;-1578;-902;7261;89;451;-1186;
25;398;0;803;18;82;128;36;669;1;18;0;0;0;0;0;811593;981;962;94;450;319;645;529;1023;-1921;-124;12225;-355;6;-1134;
25;397;0;808;18;82;128;35;669;1;18;0;0;0;0;0;811603;1000;949;109;458;328;670;537;1015;1477;2587;6814;263;215;-1407;
25;397;0;808;18;82;128;35;669;1;18;0;0;0;0;0;811613;973;950;87;450;317;655;532;1023;-6284;-2639;13218;-54;116;-1099;
25;394;0;809;18;82;128;35;669;1;18;0;0;0;0;0;811624;973;960;94;450;333;655;532;1023;-1401;1252;9404;184;-211;-1267;
25;394;0;809;18;82;128;35;669;1;18;0;0;0;0;0;811633;976;946;95;449;319;641;528;1023;-1959;-1264;12850;189;453;-1130;
25;394;0;809;18;82;128;35;669;1;18;0;0;0;0;0;811643;1001;949;109;456;328;658;533;1015;-3028;-1204;11001;-376;71;-1140;
25;393;0;810;18;82;128;36;669;1;18;0;0;0;0;0;811654;1002;957;109;458;328;670;539;1013;3169;3286;6074;157;407;-1331;
25;393;0;810;18;82;128;36;669;1;18;0;0;0;0;0;811663;982;969;106;461;336;647;550;1007;-608;-872;13526;-318;28;-1269;
24;395;0;811;18;82;128;35;669;1;18;0;0;0;0;0;811674;1003;957;109;458;328;670;539;1013;-2470;747;7773;81;-8;-1220;
24;395;0;811;18;82;128;35;669;1;18;0;0;0;0;0;811683;1001;951;77;454;328;651;529;1014;-1990;-2162;12275;243;272;-1204;
24;395;0;811;18;82;128;35;669;1;18;0;0;0;0;0;811693;973;962;94;450;333;655;532;1023;-3810;-2634;10847;-117;98;-1177;
24;390;0;812;18;82;128;35;669;1;18;0;0;0;0;0;811703;987;957;97;455;330;658;541;1013;-2423;3134;7257;133;500;-1180;
24;390;0;812;18;82;128;35;669;1;18;0;0;0;0;0;811713;976;954;114;445;325;645;529;1023;3384;-751;10963;-89;-121;-1407;
25;392;0;813;18;82;128;34;669;1;18;0;0;0;0;0;811723;957;946;87;450;317;655;532;1023;-2078;3206;7434;-171;289;-1183;
25;392;0;813;18;82;128;34;669;1;18;0;0;0;0;0;811734;973;946;87;451;329;655;532;1023;-2042;699;12991;38;251;-1236;
25;392;0;813;18;82;128;34;669;1;18;0;0;0;0;0;811744;973;946;87;450;325;655;532;1023;-1951;-1199;8279;383;127;-1270;
25;392;0;815;18;82;128;34;669;1;18;0;0;0;0;0;811754;986;941;104;453;323;646;539;1013;-4431;-2343;12885;-348;435;-934;
25;392;0;815;18;82;128;34;669;1;18;0;0;0;0;0;811764;980;954;114;447;319;645;528;1019;-3503;-1717;9264;132;116;-1265;
24;390;0;817;18;82;128;34;669;1;18;0;0;0;0;0;811774;993;949;109;456;328;658;534;1015;-1900;-435;6864;-44;427;-1256;
24;390;0;817;18;82;128;34;669;1;18;0;0;0;0;0;811784;973;946;87;451;329;655;532;1023;-2095;2003;13233;-188;50;-1247;
24;390;0;817;18;82;128;34;669;1;18;0;0;0;0;0;811794;986;941;97;453;330;646;539;1013;-799;1270;6316;344;155;-1366;
24;394;0;818;18;82;128;34;669;1;18;0;0;0;0;0;811804;976;946;95;448;325;645;528;1023;-4487;-2829;14516;-256;255;-1130;
24;394;0;818;18;82;128;34;669;1;18;0;0;0;0;0;811814;993;949;101;458;328;658;533;1015;-2052;-418;11201;245;95;-1271;
24;394;0;818;18;82;128;34;669;1;18;0;0;0;0;0;811825;986;969;106;465;336;647;536;1005;-3616;-1927;10379;64;437;-1172;
24;394;0;818;18;82;128;34;669;1;18;0;0;0;0;0;811835;986;957;104;453;322;646;537;1005;-2512;-1409;11158;-355;8;-1162;
24;394;0;818;18;82;128;34;669;1;18;0;0;0;0;0;811844;980;962;114;447;325;645;528;1023;2059;3762;7269;206;174;-1322;
24;396;0;816;18;82;128;35;668;1;18;0;0;0;0;0;811854;1000;949;109;458;328;658;536;1015;-5760;-2903;12002;-116;264;-1115;
24;396;0;816;18;82;128;35;668;1;18;0;0;0;0;0;811864;973;950;52;451;319;655;533;1023;-2278;-1264;10725;339;134;-1217;
23;395;0;816;18;82;128;35;668;1;18;0;0;0;0;0;811874;980;962;94;450;317;645;529;1023;-3833;-3445;9798;111;465;-1124;
23;395;0;816;18;82;128;35;668;1;18;0;0;0;0;0;811884;975;949;109;458;328;658;537;1015;-2619;-731;10210;-508;35;-1157;
23;395;0;816;18;82;128;35;668;1;18;0;0;0;0;0;811894;1000;949;109;458;328;670;539;1013;2063;4215;7111;87;172;-1416;
23;398;0;828;18;82;128;35;668;1;18;0;0;0;0;0;811904;973;950;85;450;317;655;532;1022;-5585;-4443;12812;-256;241;-1021;
23;398;0;828;18;82;128;35;668;1;18;0;0;0;0;0;811914;986;943;105;452;322;646;536;1005;-1698;-827;9679;318;107;-1229;
23;398;0;836;18;82;128;35;668;1;18;0;0;0;0;0;811925;959;946;87;451;319;655;532;1023;-3391;-3225;9911;79;402;-1180;
23;398;0;836;18;82;128;35;668;1;18;0;0;0;0;0;811934;976;939;114;449;327;647;542;1023;-2632;-1226;10187;-480;86;-1130;
23;398;0;836;18;82;128;35;668;1;18;0;0;0;0;0;811944;992;948;85;450;315;655;532;1022;1440;4731;7505;86;170;-1366;
23;401;0;841;18;82;128;36;668;1;18;0;0;0;0;0;811954;986;943;106;452;322;646;536;1005;-5160;-4431;13116;-180;284;-1149;
23;401;0;841;18;82;128;36;668;1;18;0;0;0;0;0;811964;981;962;114;450;319;649;530;1023;-1274;-1551;9405;361;163;-1219;
23;401;0;843;18;82;128;36;668;1;18;0;0;0;0;0;811975;981;960;87;451;329;655;532;1023;-3768;-3041;9823;93;334;-1189;
23;401;0;843;18;82;128;36;668;1;18;0;0;0;0;0;811984;1000;949;109;458;328;666;539;1013;-3887;-543;11122;-408;60;-1194;
23;401;0;843;18;82;128;36;668;1;18;0;0;0;0;0;811995;1001;951;101;454;328;658;531;1015;-478;1918;7269;289;88;-1400;
23;401;0;843;18;82;128;36;668;1;18;0;0;0;0;0;812004;986;955;106;453;326;647;536;1005;-4201;-4988;13254;-369;318;-991;
23;401;0;843;18;82;128;36;668;1;18;0;0;0;0;0;812014;1000;957;105;460;328;666;539;1013;-1961;-1630;10083;332;67;-1264;
23;405;0;846;18;82;128;33;668;1;18;0;0;0;0;0;812024;993;950;85;448;315;655;531;1022;-3326;-925;9988;28;298;-1201;
23;405;0;846;18;82;128;33;668;1;18;0;0;0;0;0;812034;986;957;105;453;322;646;537;1005;-3114;1595;13472;-70;104;-1169;
23;405;0;846;18;82;128;33;668;1;18;0;0;0;0;0;812044;981;962;95;450;317;649;530;1023;-557;733;7180;352;86;-1351;
23;410;0;846;18;82;128;34;669;1;18;0;0;0;0;0;812054;1000;957;105;458;328;662;541;1013;-3234;-4000;14784;-339;407;-1034;
23;410;0;846;18;82;128;34;669;1;18;0;0;0;0;0;812064;976;960;114;445;327;645;538;1023;-1555;699;10330;371;254;-1293;
23;409;0;846;18;82;128;32;669;1;18;0;0;0;0;0;812075;993;951;85;450;319;655;529;1014;-1049;634;9163;101;347;-1196;
23;409;0;846;18;82;128;32;669;1;18;0;0;0;0;0;812085;986;953;106;453;326;647;536;1005;-3291;850;12427;-95;86;-1174;
23;409;0;846;18;82;128;32;669;1;18;0;0;0;0;0;812095;981;962;95;450;341;653;532;1023;-1066;1796;6950;411;118;-1349;
24;412;0;842;18;82;128;32;669;1;18;0;0;0;0;0;812105;976;923;114;445;325;645;528;1023;-3932;-5111;13447;-255;337;-1105;
24;412;0;842;18;82;128;32;669;1;18;0;0;0;0;0;812115;993;949;69;450;321;654;527;1014;-1700;418;10955;241;16;-1220;
23;412;0;837;18;82;128;31;669;1;18;0;0;0;0;0;812125;973;960;95;450;333;655;532;1023;-873;661;8262;47;359;-1201;
23;412;0;837;18;82;128;31;669;1;18;0;0;0;0;0;812135;965;946;94;450;333;655;532;1023;-3000;967;12902;-143;106;-1159;
23;412;0;837;18;82;128;31;669;1;18;0;0;0;0;0;812145;986;949;97;455;330;658;541;1013;-971;1506;6946;459;68;-1293;
24;414;0;835;18;82;128;33;669;1;18;0;0;0;0;0;812155;993;949;61;454;323;658;527;1015;-4165;-4090;14690;-394;395;-1109;
24;414;0;835;18;82;128;33;669;1;18;0;0;0;0;0;812165;981;962;94;450;341;653;531;1023;-2615;873;8987;358;-92;-1300;
24;414;0;835;18;82;128;33;669;1;18;0;0;0;0;0;812176;986;943;106;453;322;646;536;1005;-973;-364;7958;44;415;-1209;
24;414;0;835;18;82;128;33;669;1;18;0;0;0;0;0;812185;987;957;105;457;330;662;541;1013;-3251;1422;13106;-204;98;-1219;
24;414;0;835;18;82;128;33;669;1;18;0;0;0;0;0;812195;976;954;114;445;325;645;530;1023;-957;1513;6912;472;51;-1286;
24;415;0;825;18;82;128;35;669;1;18;0;0;0;0;0;812205;959;946;94;450;341;655;532;1023;-3287;-2313;15375;-587;491;-982;
24;415;0;825;18;82;128;35;669;1;18;0;0;0;0;0;812215;1000;957;105;456;330;662;541;1013;-2710;637;9124;347;-76;-1265;
24;415;0;824;18;82;128;35;669;1;18;0;0;0;0;0;812225;1002;957;97;455;330;658;540;1013;-2482;-1349;7980;66;412;-1281;
24;415;0;824;18;82;128;35;669;1;18;0;0;0;0;0;812235;980;968;114;445;325;645;528;1023;-3466;344;13442;-268;78;-1130;
24;415;0;824;18;82;128;35;669;1;18;0;0;0;0;0;812246;1001;951;69;452;323;651;528;1014;-737;2891;6685;489;31;-1370;
24;417;0;823;18;82;128;35;669;1;18;0;0;0;0;0;812256;996;962;87;451;329;655;532;1023;-6101;-4035;13359;-233;288;-1062;
24;417;0;823;18;82;128;35;669;1;18;0;0;0;0;0;812266;986;957;97;453;330;646;539;1013;-950;658;12099;275;39;-1057;
24;415;0;823;18;82;128;35;669;1;18;0;0;0;0;0;812276;986;957;97;453;323;646;538;1005;-3422;-2184;10969;177;442;-1179;
24;415;0;823;18;82;128;35;669;1;18;0;0;0;0;0;812286;980;960;95;448;325;645;529;1023;-1933;-2850;10968;-560;178;-1133;
24;415;0;823;18;82;128;35;669;1;18;0;0;0;0;0;812296;978;955;106;461;336;647;536;1007;624;3161;7634;333;90;-1361;
24;418;0;826;18;82;128;35;669;1;18;0;0;0;0;0;812306;986;957;97;453;323;646;538;1005;-5260;-2624;12696;-130;240;-1052;
24;418;0;826;18;82;128;35;669;1;18;0;0;0;0;0;812316;996;960;87;450;319;655;532;1023;-1793;1406;10464;233;40;-1261;
24;415;0;829;18;82;128;35;669;1;18;0;0;0;0;0;812326;1000;949;109;458;328;666;535;1015;-131;-1030;12586;319;368;-1263;
24;415;0;829;18;82;128;35;669;1;18;0;0;0;0;0;812336;973;950;87;451;319;655;533;1023;-2312;-2388;10836;-606;210;-1182;
24;415;0;829;18;82;128;35;669;1;18;0;0;0;0;0;812346;986;957;96;453;330;646;539;1013;3263;4177;6272;247;177;-1262;
24;416;0;833;18;82;128;35;669;1;18;0;0;0;0;0;812357;1000;957;137;456;330;658;541;1013;-3;-1406;13881;-355;82;-1231;
24;416;0;833;18;82;128;36;669;1;18;0;0;0;0;0;812366;981;962;112;449;319;645;529;1023;-2678;647;7006;-47;-9;-1288;
24;415;0;835;18;82;128;36;669;1;18;0;0;0;0;0;812376;978;955;106;461;336;647;536;1007;-88;-1622;11718;318;303;-1295;
24;415;0;835;18;82;128;36;669;1;18;0;0;0;0;0;812386;973;950;87;451;319;655;532;1023;-4806;-3046;10906;-91;177;-1126;
24;415;0;835;18;82;128;36;669;1;18;0;0;0;0;0;812396;986;957;97;453;330;646;539;1013;-1672;3338;7895;153;461;-1212;
24;415;0;836;18;82;127;34;669;1;18;0;0;0;0;0;812406;1001;951;101;458;328;658;532;1015;4848;-836;11255;-148;-96;-1395;
24;415;0;836;18;82;127;34;669;1;18;0;0;0;0;0;812416;973;950;87;450;319;655;532;1023;-3511;1626;6975;-138;81;-1201;
25;413;0;834;18;82;127;34;669;1;18;0;0;0;0;0;812427;965;960;94;450;317;649;531;1023;-2203;-524;13269;-46;219;-1287;
25;413;0;834;18;82;127;34;669;1;18;0;0;0;0;0;812436;980;954;95;449;325;641;528;1023;-1178;-2892;9891;184;119;-1240;
25;413;0;834;18;82;127;34;669;1;18;0;0;0;0;0;812446;993;949;109;458;328;670;535;1015;-8742;-1354;14082;-270;548;-977;
25;411;0;830;18;82;127;34;669;1;18;0;0;0;0;0;812456;1001;949;101;456;328;658;532;1015;-4134;-1080;7764;77;30;-1306;
25;411;0;830;18;82;127;34;669;1;18;0;0;0;0;0;812466;973;960;87;451;329;655;532;1023;-539;2463;7990;-115;313;-1138;
25;410;0;827;18;82;128;36;669;1;18;0;0;0;0;0;812476;987;957;97;454;330;650;541;1013;-1087;1391;13540;-95;17;-1211;
25;410;0;827;18;82;128;36;669;1;18;0;0;0;0;0;812486;980;962;114;447;325;645;528;1023;727;2342;6219;478;204;-1373;
25;410;0;827;18;82;128;36;669;1;18;0;0;0;0;0;812496;1001;951;101;456;328;658;533;1015;-6453;-3023;13768;-145;120;-1043;
25;408;0;821;18;82;128;36;669;1;18;0;0;0;0;0;812506;1000;957;97;454;330;658;541;1013;-1323;1828;13170;114;38;-1239;
25;408;0;821;18;82;128;36;669;1;18;0;0;0;0;0;812516;980;962;114;447;325;645;527;1023;-756;-886;10034;269;536;-1193;
26;406;0;818;18;82;128;36;669;1;18;0;0;0;0;0;812526;993;949;101;456;328;658;533;1015;-3834;-1678;10384;-472;43;-1121;
26;406;0;818;18;82;128;36;669;1;18;0;0;0;0;0;812537;980;960;114;445;325;645;534;1023;824;3867;6532;273;582;-1305;
26;406;0;818;18;82;128;36;669;1;18;0;0;0;0;0;812546;959;946;94;450;333;655;532;1023;-1475;-1007;13818;-223;17;-1259;
26;401;0;816;18;82;128;36;669;1;18;0;0;0;0;0;812556;976;946;114;447;325;644;528;1019;-1287;2121;7147;-248;136;-1205;
26;401;0;816;18;82;128;36;669;1;18;0;0;0;0;0;812566;993;948;69;450;323;658;528;1014;-3891;-1494;12013;44;238;-1152;
26;398;0;815;18;82;128;36;669;1;18;0;0;0;0;0;812576;978;943;106;465;336;647;536;1005;-165;-1445;9035;75;3;-1290;
26;398;0;815;18;82;128;36;669;1;18;0;0;0;0;0;812587;973;946;87;451;329;655;532;1023;-3989;-2753;13686;-310;418;-996;
26;398;0;815;18;82;128;36;669;1;18;0;0;0;0;0;812597;986;957;96;455;330;650;541;1013;-5582;-1149;8245;-96;82;-1393;
26;400;0;813;18;82;127;35;669;1;18;0;0;0;0;0;812607;987;957;96;454;330;646;539;1013;-2260;-178;9054;-6;496;-1179;
26;400;0;813;18;82;127;35;669;1;18;0;0;0;0;0;812617;980;962;114;447;325;641;528;1023;-3003;-2619;11496;-355;-39;-1064;
26;398;0;812;18;82;127;35;669;1;18;0;0;0;0;0;812627;978;955;106;465;336;647;538;1007;1473;3236;6391;67;337;-1412;
26;398;0;812;18;82;127;35;669;1;18;0;0;0;0;0;812637;986;957;97;455;330;656;541;1013;-3180;-2156;14446;-166;-17;-1216;
26;398;0;812;18;82;127;35;669;1;18;0;0;0;0;0;812647;976;954;114;445;325;645;527;1023;-2467;-676;7600;-46;16;-1270;
26;396;0;814;18;82;127;39;669;1;18;0;0;0;0;0;812657;976;954;114;445;325;645;529;1023;-3097;-1949;12072;208;175;-1235;
26;396;0;814;18;82;127;39;669;1;18;0;0;0;0;0;812667;993;949;69;450;323;654;529;1014;-182;-1305;11965;60;-9;-1249;
26;395;0;815;18;82;128;37;668;1;18;0;0;0;0;0;812677;997;962;84;451;333;655;532;1023;-5576;-913;9651;64;591;-1011;
26;395;0;815;18;82;128;37;668;1;18;0;0;0;0;0;812687;1000;957;105;456;330;658;541;1013;-3080;-1850;8220;-45;59;-1323;
26;395;0;815;18;82;128;37;668;1;18;0;0;0;0;0;812697;980;960;114;443;325;645;531;1023;-2398;-1735;6430;-171;399;-1189;
26;390;0;820;18;82;128;37;668;1;18;0;0;0;0;0;812708;982;955;114;449;336;645;546;1023;-1869;-3394;10388;-429;-88;-1210;
26;390;0;820;18;82;128;37;668;1;18;0;0;0;0;0;812718;976;954;114;443;325;645;530;1023;2234;4156;7373;107;285;-1385;
26;390;0;822;18;82;127;37;667;1;18;0;0;0;0;0;812727;987;957;105;458;330;662;541;1013;-6100;-3345;13066;-39;30;-1183;
26;390;0;822;18;82;127;37;667;1;18;0;0;0;0;0;812737;976;954;114;443;327;645;532;1023;-2151;-889;7728;33;-9;-1241;
26;390;0;822;18;82;127;37;667;1;18;0;0;0;0;0;812747;993;950;85;448;315;655;531;1022;-2299;-2298;13322;311;270;-1201;
26;390;0;823;18;82;128;34;667;1;18;0;0;0;0;0;812758;981;962;94;450;341;653;532;1023;-2797;-1838;11919;-44;-52;-1246;
26;390;0;823;18;82;128;34;667;1;18;0;0;0;0;0;812768;987;957;109;455;330;658;541;1013;-6776;-2866;8975;-154;584;-1084;
26;387;0;824;18;82;128;34;667;1;18;0;0;0;0;0;812778;980;954;114;445;327;645;534;1023;-2496;-1279;9070;-41;31;-1329;
26;387;0;824;18;82;128;34;667;1;18;0;0;0;0;0;812788;993;949;71;450;319;651;531;1014;-3027;-1495;7557;-167;503;-1207;
26;388;0;824;18;82;127;38;667;1;18;0;0;0;0;0;812800;980;962;94;450;317;645;530;1023;-1950;-2801;10861;-326;-131;-1190;
26;388;0;824;18;82;127;38;668;1;18;0;0;0;0;0;812808;981;962;94;450;319;645;530;1023;1525;3774;7225;218;284;-1340;
26;388;0;824;18;82;127;38;668;1;18;0;0;0;0;0;812818;1000;949;109;458;330;666;539;1013;-3905;-2888;12566;-108;7;-1138;
26;386;0;822;18;82;127;38;668;1;18;0;0;0;0;0;812828;993;950;85;448;315;655;531;1022;-2169;-1399;8427;-19;8;-1250;
26;386;0;822;18;82;127;38;668;1;18;0;0;0;0;0;812838;986;957;106;453;322;646;536;1005;-2042;-2428;11662;291;231;-1200;
26;386;0;822;18;82;127;38;668;1;18;0;0;0;0;0;812848;1001;951;109;458;328;658;536;1015;-3031;-3540;10189;-65;-61;-1161;
26;385;0;820;18;82;127;35;668;1;18;0;0;0;0;0;812858;1001;957;109;458;328;670;539;1013;-3852;716;8265;109;657;-1054;
26;385;0;820;18;82;127;35;668;1;18;0;0;0;0;0;812869;990;969;106;453;326;647;536;1005;-644;-2013;9334;-96;-14;-1462;
26;384;0;816;18;82;127;35;668;1;18;0;0;0;0;0;812878;986;959;106;452;326;646;536;1005;-2449;801;6552;-128;440;-1168;
26;384;0;816;18;82;127;35;668;1;18;0;0;0;0;0;812888;980;962;114;448;325;645;527;1019;-1463;1499;13697;-56;18;-1242;
26;384;0;816;18;82;127;35;668;1;18;0;0;0;0;0;812898;1001;949;109;456;328;658;533;1015;-115;2974;7659;240;214;-1335;
26;380;0;810;18;82;128;36;668;1;18;0;0;0;0;0;812908;997;950;85;450;317;655;532;1022;-4507;-1800;11811;43;184;-1119;
26;380;0;810;18;82;128;36;668;1;18;0;0;0;0;0;812918;986;957;105;453;322;646;537;1005;-1903;-1319;9157;124;14;-1270;
25;378;0;809;18;82;127;36;668;1;18;0;0;0;0;0;812928;1001;951;101;454;322;658;529;1015;-1065;-1189;11459;353;554;-1200;
25;378;0;809;18;82;127;36;668;1;18;0;0;0;0;0;812938;993;949;101;454;328;658;531;1015;-4513;-2340;9939;-312;-79;-1150;
25;380;0;809;18;82;127;36;668;1;18;0;0;0;0;0;812949;993;949;77;450;323;651;527;1014;-2426;3796;7424;121;590;-1199;
25;380;0;809;18;82;127;40;669;1;18;0;0;0;0;0;812958;981;950;87;450;329;655;532;1023;3193;-590;10115;-146;-92;-1394;
25;380;0;809;18;82;127;40;669;1;18;0;0;0;0;0;812968;986;957;96;453;330;646;539;1013;-1951;2844;6362;-45;424;-1167;
26;379;0;807;18;82;127;40;669;1;18;0;0;0;0;0;812978;993;951;69;450;323;654;527;1014;-4544;-281;11925;-98;161;-1239;
26;379;0;807;18;82;127;40;669;1;18;0;0;0;0;0;812988;978;955;106;461;336;647;536;1005;-1459;629;5554;292;135;-1281;
25;377;0;807;18;82;127;40;669;1;18;0;0;0;0;0;812999;993;950;85;450;317;655;532;1023;-3179;-1183;15282;-246;283;-1017;
25;377;0;807;18;82;127;38;669;1;18;0;0;0;0;0;813008;980;960;114;445;325;645;532;1023;-3528;-145;10077;-72;149;-1217;
25;377;0;807;18;82;127;38;669;1;18;0;0;0;0;0;813018;986;957;106;452;326;647;536;1005;-1204;-629;8988;165;532;-1170;
25;377;0;807;18;82;127;38;669;1;18;0;0;0;0;0;813029;997;950;85;450;317;655;533;1022;-2772;-2234;10378;-352;-81;-1112;
25;377;0;807;18;82;127;38;669;1;18;0;0;0;0;0;813038;1000;957;109;456;330;662;541;1013;1230;3099;6393;58;506;-1276;
25;375;0;817;18;82;127;38;669;1;18;0;0;0;0;0;813048;973;962;94;450;333;653;532;1023;1246;-641;13256;-177;-41;-1239;
25;375;0;817;18;82;127;37;670;1;18;0;0;0;0;0;813058;993;951;85;448;315;655;532;1022;-2154;-887;7625;-38;48;-1257;
25;375;0;817;18;82;127;37;670;1;18;0;0;0;0;0;813068;986;953;107;453;322;646;536;1005;-2852;-2104;11405;222;228;-1212;
26;377;0;821;18;82;127;36;670;1;18;0;0;0;0;0;813078;1000;968;114;445;327;645;539;1023;-685;-2539;11303;-14;-86;-1205;
26;377;0;821;18;82;127;36;670;1;18;0;0;0;0;0;813088;1000;957;105;458;330;662;541;1013;-7159;-2569;11892;-173;304;-1108;
26;376;0;818;18;82;127;36;670;1;18;0;0;0;0;0;813100;993;950;85;450;317;655;532;1022;-4080;-1319;7594;-32;38;-1409;
26;376;0;818;18;82;127;36;670;1;18;0;0;0;0;0;813109;973;948;85;448;315;655;532;1022;-2093;-303;6986;-90;476;-1191;
26;376;0;818;18;82;127;36;670;1;18;0;0;0;0;0;813119;993;948;85;448;315;655;533;1022;-1048;-2552;11029;-268;-57;-1184;
26;375;0;813;18;82;127;40;670;1;18;0;0;0;0;0;813129;1000;949;109;458;328;666;541;1013;1500;3771;6433;64;303;-1338;
26;375;0;813;18;82;127;40;670;1;18;0;0;0;0;0;813139;1000;957;105;456;330;662;541;1013;-4808;-3294;13808;-183;37;-1225;
25;378;0;809;18;82;127;37;670;1;18;0;0;0;0;0;813150;980;962;114;446;325;644;528;1019;-2073;-839;8342;25;-8;-1253;
25;378;0;809;18;82;127;37;670;1;18;0;0;0;0;0;813159;993;950;85;450;317;655;532;1022;-1733;-1164;12865;359;399;-1212;
25;378;0;809;18;82;127;37;670;1;18;0;0;0;0;0;813169;1002;949;105;458;330;666;539;1013;-3397;-3061;11379;-97;-41;-1223;
26;376;0;807;18;82;127;37;670;1;18;0;0;0;0;0;813179;982;968;114;445;327;647;538;1023;-5858;187;7181;56;587;-1198;
26;376;0;807;18;82;127;37;670;1;18;0;0;0;0;0;813189;997;960;85;450;317;655;532;1023;3668;-741;10992;-148;-34;-1428;
25;375;0;805;18;82;127;36;670;1;18;0;0;0;0;0;813200;996;962;94;450;341;653;532;1023;-1188;3027;6633;-73;345;-1171;
25;375;0;805;18;82;127;36;670;1;18;0;0;0;0;0;813210;980;960;95;449;325;645;528;1023;-1360;1900;14063;-47;127;-1093;
25;375;0;805;18;82;127;36;670;1;18;0;0;0;0;0;813219;978;943;114;453;336;645;546;1023;-2060;1185;6235;346;203;-1391;
25;376;0;804;18;82;127;36;670;1;18;0;0;0;0;0;813229;973;948;85;451;317;655;532;1023;-2699;-1262;15283;-372;379;-1053;
25;376;0;804;18;82;127;36;670;1;18;0;0;0;0;0;813239;986;941;97;453;330;646;539;1013;-4698;-1245;11963;63;116;-1231;
25;374;0;804;18;82;127;36;669;1;18;0;0;0;0;0;813250;978;943;107;461;336;647;550;1007;-1103;-789;9280;267;545;-1229;
25;374;0;804;18;82;127;36;669;1;18;0;0;0;0;0;813259;993;949;109;456;328;658;533;1015;-2664;-1830;11031;-425;-42;-1149;
25;374;0;804;18;82;127;36;669;1;18;0;0;0;0;0;813270;978;943;106;461;336;647;536;1007;2269;2906;6243;72;360;-1428;
25;376;0;804;18;82;127;36;669;1;18;0;0;0;0;0;813280;973;950;87;451;319;655;532;1023;1157;-721;13243;-220;-20;-1227;
25;376;0;804;18;82;127;36;669;1;18;0;0;0;0;0;813290;986;957;97;452;323;646;539;1005;-1678;1783;7908;-17;141;-1051;
25;373;0;804;18;82;127;36;669;1;18;0;0;0;0;0;813300;976;954;114;447;325;645;526;1023;-3642;-395;12220;83;192;-1186;
25;373;0;804;18;82;127;36;669;1;18;0;0;0;0;0;813310;993;949;101;454;328;658;531;1015;-984;-1532;9471;99;23;-1197;
25;373;0;804;18;82;127;36;669;1;18;0;0;0;0;0;813320;973;960;87;450;329;655;529;1023;-8036;-1042;10606;-29;336;-995;
25;373;0;804;18;82;127;35;669;1;18;0;0;0;0;0;813330;986;957;97;455;330;658;541;1013;-2384;-1724;7923;28;15;-1328;
25;373;0;804;18;82;127;35;669;1;18;0;0;0;0;0;813340;976;954;114;445;325;645;528;1023;-1559;930;7013;-133;420;-1219;
25;376;0;802;18;82;128;37;669;1;18;0;0;0;0;0;813350;993;949;77;450;322;654;527;1014;-583;-842;12300;-189;-10;-1117;
25;376;0;802;18;82;128;37;669;1;18;0;0;0;0;0;813360;965;960;132;450;341;653;531;1023;-739;1239;6887;357;221;-1349;
25;376;0;802;18;82;128;37;669;1;18;0;0;0;0;0;813370;986;949;97;456;330;662;540;1013;-4366;-2505;12264;-41;212;-1057;
25;376;0;800;18;82;128;37;669;1;18;0;0;0;0;0;813381;993;950;85;450;315;651;531;1022;-1697;1233;11437;156;82;-1226;
25;376;0;800;18;82;128;37;669;1;18;0;0;0;0;0;813391;980;954;114;447;325;645;527;1023;-879;-1951;12381;320;494;-1212;
25;376;0;797;18;82;128;40;668;1;18;0;0;0;0;0;813400;987;949;105;458;330;662;541;1013;-3421;-1205;10778;-460;-11;-1117;
25;376;0;797;18;82;128;40;668;1;18;0;0;0;0;0;813410;1000;949;109;458;328;667;539;1013;1903;3348;6065;171;428;-1399;
25;376;0;797;18;82;128;40;668;1;18;0;0;0;0;0;813420;976;954;114;445;336;645;542;1023;-173;-29;11977;-282;-28;-1271;
25;378;0;796;18;82;128;40;668;1;18;0;0;0;0;0;813430;993;950;85;448;315;655;531;1022;-1095;2319;6709;-37;173;-1171;
25;378;0;796;18;82;128;40;668;1;18;0;0;0;0;0;813440;980;960;95;449;319;645;528;1019;-2488;-2174;12541;196;297;-1209;
25;377;0;795;18;82;128;37;669;1;18;0;0;0;0;0;813451;986;957;97;455;330;654;541;1013;-985;-2166;10999;-3;31;-1262;
25;377;0;795;18;82;128;37;669;1;18;0;0;0;0;0;813460;982;968;122;453;336;647;546;1023;-7402;-1087;8528;-97;594;-1090;
25;377;0;795;18;82;128;37;669;1;18;0;0;0;0;0;813471;986;957;107;453;326;646;536;1005;3106;-728;7434;-34;225;-1357;
25;377;0;795;18;82;128;37;669;1;18;0;0;0;0;0;813480;980;949;109;458;328;670;537;1015;-330;1759;7977;-95;414;-1199;
25;377;0;795;18;82;128;37;669;1;18;0;0;0;0;0;813490;980;962;114;447;325;644;526;1023;-2002;589;12780;-80;135;-1196;
25;376;0;795;18;82;128;36;669;1;18;0;0;0;0;0;813501;957;944;85;450;317;655;532;1022;-851;569;5907;319;111;-1258;
25;376;0;795;18;82;128;36;669;1;18;0;0;0;0;0;813510;986;941;97;453;330;646;538;1013;-4384;-2521;15563;-232;207;-1054;
25;376;0;795;18;82;128;36;669;1;18;0;0;0;0;0;813520;976;946;114;447;325;641;528;1023;-4107;-1125;10318;232;148;-1207;
24;379;0;795;18;82;128;36;669;1;18;0;0;0;0;0;813530;993;949;53;454;322;651;528;1014;-3144;-2045;6912;73;497;-1209;
24;379;0;795;18;82;128;36;669;1;18;0;0;0;0;0;813540;978;955;106;465;336;647;536;1005;-2230;-878;12137;-456;-56;-1202;
25;375;0;794;18;82;128;35;669;1;18;0;0;0;0;0;813550;981;962;94;451;329;655;532;1023;1619;3455;6764;196;238;-1423;
25;375;0;794;18;82;128;35;669;1;18;0;0;0;0;0;813561;976;939;114;447;327;645;540;1023;-4737;-2111;13544;-263;105;-1171;
25;375;0;794;18;82;128;35;669;1;18;0;0;0;0;0;813570;973;948;71;450;319;654;531;1014;-1371;694;8709;247;80;-1298;
25;377;0;794;18;82;128;35;669;1;18;0;0;0;0;0;813580;978;943;106;453;330;647;536;1005;-1357;-1447;12760;452;483;-1096;
25;377;0;794;18;82;128;35;669;1;18;0;0;0;0;0;813590;981;962;95;450;333;655;531;1023;-3477;-1755;10995;-374;109;-1152;
24;378;0;798;18;82;128;36;669;1;18;0;0;0;0;0;813600;1002;957;105;456;330;662;541;1013;2020;3043;6162;142;406;-1329;
24;378;0;798;18;82;128;36;669;1;18;0;0;0;0;0;813611;980;960;114;445;325;645;530;1023;577;-273;13188;-330;-63;-1280;
24;378;0;798;18;82;128;36;669;1;18;0;0;0;0;0;813621;993;951;77;446;321;651;527;1014;-3525;588;6921;35;91;-1243;
24;378;0;800;18;82;128;36;669;1;18;0;0;0;0;0;813631;986;953;106;453;326;647;536;1005;-3346;-1785;12162;280;255;-1168;
24;378;0;800;18;82;128;36;669;1;18;0;0;0;0;0;813641;981;962;94;450;333;653;532;1023;-2061;-3075;10282;248;68;-1186;
24;382;0;802;18;82;128;36;669;1;18;0;0;0;0;0;813651;996;962;95;450;341;653;531;1023;-5450;584;11199;-131;520;-1154;
24;382;0;802;18;82;128;36;669;1;18;0;0;0;0;0;813661;990;969;106;453;326;647;536;1005;3559;-1148;10493;-147;-80;-1384;
24;382;0;802;18;82;128;36;669;1;18;0;0;0;0;0;813671;996;962;95;450;333;655;532;1023;-1213;2512;7127;-224;227;-1166;
24;381;0;803;18;82;128;36;669;1;18;0;0;0;0;0;813681;1002;957;109;458;328;666;541;1013;-1927;1789;12855;74;138;-1166;
24;381;0;803;18;82;128;36;669;1;18;0;0;0;0;0;813691;982;968;114;445;327;645;536;1023;-213;-2438;8159;247;115;-1216;
23;385;0;804;18;82;128;36;669;1;18;0;0;0;0;0;813701;986;959;104;453;322;646;537;1005;-5383;783;11858;-114;516;-1076;
23;385;0;804;18;82;128;36;669;1;18;0;0;0;0;0;813711;997;964;85;450;317;655;532;1022;2571;-264;10051;48;-50;-1316;
23;385;0;804;18;82;128;36;669;1;18;0;0;0;0;0;813721;1002;957;109;458;328;666;540;1013;-647;1720;7267;-406;346;-1181;
23;385;0;804;18;82;128;33;669;1;18;0;0;0;0;0;813732;981;962;94;451;333;655;532;1023;-826;1699;13470;-99;107;-1217;
23;385;0;804;18;82;128;33;669;1;18;0;0;0;0;0;813741;980;962;94;450;319;645;530;1023;-1840;-2551;8450;257;95;-1290;
23;390;0;806;18;82;128;32;670;1;18;0;0;0;0;0;813751;980;954;94;449;319;645;528;1019;-4089;1131;11166;-192;582;-1104;
23;390;0;806;18;82;128;32;670;1;18;0;0;0;0;0;813761;993;949;109;458;328;658;535;1015;3384;27;9996;5;-138;-1370;
23;390;0;806;18;82;128;32;670;1;18;0;0;0;0;0;813771;982;955;122;449;336;647;546;1023;-1724;412;7334;-411;379;-1161;
23;391;0;812;18;82;128;32;670;1;18;0;0;0;0;0;813782;986;957;97;453;323;646;538;1005;-2011;1039;13612;56;141;-1177;
23;391;0;812;18;82;128;32;670;1;18;0;0;0;0;0;813792;1002;957;104;453;322;646;538;1005;-860;-2939;7929;284;136;-1230;
23;396;0;829;18;82;128;32;670;1;18;0;0;0;0;0;813802;981;962;114;448;325;641;528;1023;-4866;632;10419;-318;670;-1133;
23;396;0;829;18;82;128;32;670;1;18;0;0;0;0;0;813812;1001;957;109;458;328;658;533;1015;1054;879;9354;129;-163;-1434;
23;396;0;829;18;82;128;32;670;1;18;0;0;0;0;0;813822;1001;951;109;456;328;666;536;1015;-2030;-171;8057;-514;399;-1200;
23;397;0;836;18;82;128;32;670;1;18;0;0;0;0;0;813832;1002;957;96;453;330;650;539;1013;-2902;-361;12948;182;228;-1277;
23;397;0;836;18;82;128;32;670;1;18;0;0;0;0;0;813842;1002;957;96;453;330;646;539;1013;-1935;-3364;8158;263;131;-1158;
23;399;0;841;18;82;128;34;670;1;18;0;0;0;0;0;813852;980;968;114;445;325;645;528;1019;-2769;474;8690;-321;566;-1181;
23;399;0;841;18;82;128;34;670;1;18;0;0;0;0;0;813862;1001;951;85;454;322;658;529;1015;1879;-623;10061;-175;-358;-1417;
23;399;0;841;18;82;128;34;670;1;18;0;0;0;0;0;813872;981;962;94;450;341;655;532;1023;-2933;-510;7726;-110;356;-1154;
23;403;0;844;18;82;128;32;670;1;18;0;0;0;0;0;813882;976;954;114;445;325;645;528;1023;-560;219;12155;214;0;-1203;
23;403;0;844;18;82;128;32;670;1;18;0;0;0;0;0;813892;976;954;114;443;325;645;529;1023;-2712;-2641;8826;77;195;-1183;
23;403;0;839;18;82;128;32;670;1;18;0;0;0;0;0;813902;993;949;69;450;319;651;531;1014;133;3374;9053;-178;447;-1205;
23;403;0;839;18;82;128;32;670;1;18;0;0;0;0;0;813913;982;955;106;457;336;645;550;1019;12;-315;13353;54;-293;-1201;
23;403;0;839;18;82;128;32;670;1;18;0;0;0;0;0;813922;981;962;94;450;333;649;532;1023;-2791;1175;8887;129;392;-1212;
23;403;0;839;18;82;128;32;670;1;18;0;0;0;0;0;813932;973;948;85;448;315;651;531;1022;-9;31;12522;89;312;-1233;
23;403;0;839;18;82;128;32;670;1;18;0;0;0;0;0;813942;973;944;85;448;315;655;531;1022;-2107;-2760;9249;-275;190;-1223;
23;407;0;823;18;82;128;33;669;1;18;0;0;0;0;0;813952;986;941;104;452;322;646;537;1005;721;3899;7696;-48;195;-1421;
23;407;0;823;18;82;128;33;669;1;18;0;0;0;0;0;813962;976;939;114;447;336;647;542;1023;-5879;-371;13843;90;-78;-1191;
23;407;0;823;18;82;128;33;669;1;18;0;0;0;0;0;813972;992;949;109;458;328;670;537;1015;-3711;-869;8788;251;241;-1207;
23;412;0;815;18;82;128;33;669;1;18;0;0;0;0;0;813982;981;962;94;450;317;649;529;1023;-2708;-1322;12272;34;308;-1197;
23;412;0;815;18;82;128;33;669;1;18;0;0;0;0;0;813992;980;960;94;450;319;645;529;1023;-2142;-2145;10146;-406;196;-1191;
23;412;0;809;18;82;128;32;669;1;18;0;0;0;0;0;814003;993;950;85;448;315;651;531;1022;-651;3072;7175;204;193;-1435;
23;412;0;809;18;82;128;32;669;1;18;0;0;0;0;0;814012;982;968;106;461;336;647;550;1007;-4898;-3185;12530;-69;118;-1091;
23;412;0;809;18;82;128;32;669;1;18;0;0;0;0;0;814022;996;962;87;451;329;655;533;1023;-1289;-851;9824;183;134;-1226;
23;414;0;808;18;82;128;32;669;1;18;0;0;0;0;0;814032;980;960;114;450;317;645;530;1023;-3298;-596;9810;-61;271;-1209;
23;414;0;808;18;82;128;32;669;1;18;0;0;0;0;0;814042;986;969;106;465;336;647;536;1007;-4684;-516;11817;-186;51;-1136;
23;419;0;807;18;82;128;34;669;1;18;0;0;0;0;0;814052;973;960;87;451;329;655;533;1023;-748;1045;7878;355;116;-1352;
23;419;0;807;18;82;128;34;669;1;18;0;0;0;0;0;814062;981;950;87;450;319;655;532;1023;-3788;-5108;13834;-295;229;-1082;
23;419;0;807;18;82;128;34;669;1;18;0;0;0;0;0;814072;986;957;97;455;330;656;541;1013;-2323;-711;10422;237;137;-1223;
23;418;0;807;18;82;128;34;669;1;18;0;0;0;0;0;814082;978;955;106;465;330;647;536;1005;-686;346;8759;-109;384;-1249;
23;418;0;807;18;82;128;34;669;1;18;0;0;0;0;0;814092;965;962;94;450;341;653;532;1023;-3253;346;12944;-52;68;-1160;
23;420;0;812;18;82;128;34;669;1;18;0;0;0;0;0;814102;987;957;105;456;330;662;541;1013;-1446;343;7921;408;23;-1271;
23;420;0;812;18;82;128;34;669;1;18;0;0;0;0;0;814112;980;962;114;443;325;645;531;1023;-3417;-4472;14424;-442;320;-1065;
23;420;0;812;18;82;128;34;669;1;18;0;0;0;0;0;814124;982;969;106;465;336;647;537;1005;-1782;409;8696;320;62;-1306;
23;420;0;812;18;82;128;34;669;1;18;0;0;0;0;0;814134;982;968;114;445;327;645;538;1023;-190;552;9104;-48;353;-1273;
23;420;0;812;18;82;128;34;669;1;18;0;0;0;0;0;814143;993;951;85;448;315;651;532;1022;-2638;264;12812;-30;62;-1206;
23;421;0;813;18;82;128;31;670;1;18;0;0;0;0;0;814153;1002;957;105;456;330;658;541;1013;-598;379;7246;425;73;-1346;
23;421;0;813;18;82;128;31;670;1;18;0;0;0;0;0;814163;997;962;95;450;333;655;531;1023;-3329;-2870;13466;-432;514;-1049;
23;421;0;813;18;82;128;31;670;1;18;0;0;0;0;0;814173;997;964;85;450;317;655;532;1022;-1808;672;8078;316;-63;-1312;
24;423;0;814;18;82;128;31;670;1;18;0;0;0;0;0;814183;981;962;94;450;325;649;531;1023;58;550;7830;-112;407;-1225;
24;423;0;814;18;82;128;31;670;1;18;0;0;0;0;0;814193;980;962;94;450;317;649;530;1023;-2582;1068;12783;5;79;-1152;
24;422;0;814;18;82;128;33;670;1;19;0;0;0;0;0;814203;1000;949;109;458;328;666;539;1013;-987;637;6934;422;32;-1317;
24;422;0;814;18;82;128;33;670;1;19;0;0;0;0;0;814213;973;950;85;450;317;655;532;1022;-7952;-2164;14859;-583;623;-1078;
24;422;0;814;18;82;128;33;670;1;19;0;0;0;0;0;814223;986;957;97;453;323;646;538;1005;-2477;786;7930;384;-86;-1332;
24;424;0;816;18;82;128;33;670;1;19;0;0;0;0;0;814233;980;962;95;450;319;645;530;1023;69;255;8596;-90;405;-1090;
24;424;0;816;18;82;128;33;670;1;19;0;0;0;0;0;814243;1001;949;109;456;328;658;533;1015;-2491;991;13321;-104;94;-1190;
24;423;0;819;18;82;128;34;670;1;19;0;0;0;0;0;814253;978;955;106;463;336;647;536;1007;222;-576;7017;386;11;-1283;
24;423;0;819;18;82;128;34;670;1;19;0;0;0;0;0;814263;976;954;94;449;319;645;528;1019;-4590;-1870;15014;-627;593;-1050;
24;423;0;819;18;82;128;34;670;1;19;0;0;0;0;0;814273;993;949;77;454;328;658;529;1015;-3785;47;8850;350;-41;-1331;
24;424;0;823;18;82;128;34;670;1;19;0;0;0;0;0;814283;981;950;87;450;319;655;532;1023;-1453;-278;7694;-48;391;-1192;
24;424;0;823;18;82;128;34;670;1;19;0;0;0;0;0;814294;973;946;87;451;325;655;532;1023;-3909;-401;12759;-287;115;-1152;
24;424;0;831;18;82;128;34;669;1;19;0;0;0;0;0;814304;1002;957;96;455;330;646;540;1013;109;2385;7074;470;42;-1342;
24;424;0;831;18;82;128;34;669;1;19;0;0;0;0;0;814315;986;969;106;453;330;647;536;1005;-5187;-3277;12246;-292;241;-1088;
24;424;0;831;18;82;128;34;669;1;19;0;0;0;0;0;814324;980;962;95;448;325;645;528;1023;-1445;1120;11874;295;10;-1262;
24;424;0;831;18;82;128;34;669;1;19;0;0;0;0;0;814334;982;969;106;461;336;647;542;1007;-1224;-2697;9363;216;447;-1186;
24;424;0;831;18;82;128;34;669;1;19;0;0;0;0;0;814344;996;962;95;450;341;655;532;1023;-2801;-278;11227;-468;90;-1154;
24;424;0;836;18;82;128;33;669;1;19;0;0;0;0;0;814354;1000;957;97;455;330;658;541;1013;2717;4711;7239;231;139;-1407;
24;424;0;836;18;82;128;33;669;1;19;0;0;0;0;0;814364;980;960;114;445;325;645;530;1023;-6245;-2532;12554;-124;284;-1076;
25;421;0;837;18;82;128;33;669;1;19;0;0;0;0;0;814375;975;949;77;454;328;658;529;1015;-1680;1246;8329;192;-34;-1284;
25;421;0;837;18;82;128;33;669;1;19;0;0;0;0;0;814384;965;960;94;450;333;651;532;1023;-1254;-2762;11009;242;525;-1135;
25;421;0;837;18;82;128;33;669;1;19;0;0;0;0;0;814394;976;939;114;445;327;647;536;1023;-2671;-2345;10326;-685;111;-1131;
24;420;0;836;18;82;128;32;669;1;19;0;0;0;0;0;814404;976;939;114;447;336;645;542;1023;2107;4189;6516;231;249;-1409;
24;420;0;836;18;82;128;32;669;1;19;0;0;0;0;0;814414;993;948;85;448;315;655;532;1022;-273;-1586;13581;-300;93;-1224;
25;420;0;833;18;82;128;32;669;1;19;0;0;0;0;0;814425;986;957;104;453;322;646;538;1005;-1773;-36;7790;109;-83;-1209;
25;420;0;833;18;82;128;32;669;1;19;0;0;0;0;0;814434;1001;957;109;458;328;658;535;1015;-1633;-1345;12425;253;329;-1225;
25;420;0;833;18;82;128;32;669;1;19;0;0;0;0;0;814444;982;968;114;453;336;647;546;1019;-4225;-2485;11036;-211;178;-1161;
24;415;0;829;18;82;128;34;669;1;19;0;0;0;0;0;814454;973;950;87;450;319;655;532;1023;-4987;2108;7657;163;522;-1182;
24;415;0;829;18;82;128;34;669;1;19;0;0;0;0;0;814464;980;960;114;448;325;645;527;1019;1900;-1056;13180;-321;-32;-1334;
24;415;0;829;18;82;128;34;669;1;19;0;0;0;0;0;814475;978;943;106;465;336;647;536;1005;-2268;2962;6833;-234;168;-1162;
24;415;0;829;18;82;128;34;669;1;19;0;0;0;0;0;814485;980;960;94;450;317;649;531;1023;-2372;-1050;12994;-18;231;-1256;
24;415;0;829;18;82;128;34;669;1;19;0;0;0;0;0;814494;986;957;96;453;330;650;539;1013;-1397;-2583;8406;138;103;-1320;
25;414;0;822;18;82;128;34;669;1;19;0;0;0;0;0;814504;981;962;114;448;319;645;528;1019;-4843;-1500;12813;-383;481;-998;
25;414;0;822;18;82;128;34;669;1;19;0;0;0;0;0;814514;986;959;106;453;330;647;536;1005;1989;-1694;9266;6;-20;-1346;
25;409;0;820;18;82;128;34;669;1;19;0;0;0;0;0;814525;1001;951;101;458;328;658;533;1015;-2117;392;7257;-189;377;-1221;
25;409;0;820;18;82;128;34;670;1;19;0;0;0;0;0;814534;987;957;97;455;330;658;541;1013;-2161;2374;13987;-193;56;-1202;
25;409;0;820;18;82;128;34;670;1;19;0;0;0;0;0;814544;980;962;114;445;325;645;530;1023;-655;1427;5788;451;135;-1380;
25;411;0;817;18;82;128;37;670;1;19;0;0;0;0;0;814554;986;969;106;452;326;647;536;1005;-4328;-2704;14708;-299;200;-1081;
25;411;0;817;18;82;128;37;670;1;19;0;0;0;0;0;814564;986;969;107;453;322;646;536;1005;-2613;-8;11709;129;131;-1343;
25;408;0;814;18;82;128;37;670;1;19;0;0;0;0;0;814574;980;968;114;445;327;645;536;1023;-1893;-2215;11305;156;510;-1173;
25;408;0;814;18;82;128;37;670;1;19;0;0;0;0;0;814584;975;949;109;458;328;666;539;1013;-4167;-927;11233;-515;68;-1162;
25;408;0;814;18;82;128;37;670;1;19;0;0;0;0;0;814594;973;950;87;450;319;655;533;1023;2818;4299;5983;156;272;-1356;
25;408;0;810;18;82;128;35;670;1;19;0;0;0;0;0;814604;986;943;107;453;322;646;537;1005;-415;-331;14056;-299;38;-1230;
25;408;0;810;18;82;128;35;670;1;19;0;0;0;0;0;814614;980;962;94;448;319;645;530;1023;-2551;-274;7508;9;-24;-1282;
25;406;0;808;18;82;128;35;670;1;19;0;0;0;0;0;814625;978;955;106;465;336;647;538;1007;-3439;-2590;11570;55;265;-1210;
25;406;0;808;18;82;128;35;670;1;19;0;0;0;0;0;814635;982;968;106;457;336;647;550;1019;-1152;-1767;11290;165;36;-1196;
25;406;0;808;18;82;128;35;670;1;19;0;0;0;0;0;814645;980;962;94;449;317;649;530;1023;-7454;-1412;8577;-133;559;-786;
25;406;0;808;18;82;128;35;670;1;19;0;0;0;0;0;814656;986;957;97;455;330;658;541;1013;-3782;-941;8209;-84;35;-1381;
25;406;0;808;18;82;128;35;670;1;19;0;0;0;0;0;814665;980;954;94;449;319;645;528;1019;-1914;-59;7227;-10;447;-1252;
26;401;0;807;18;82;128;36;669;1;19;0;0;0;0;0;814676;978;954;114;447;327;645;538;1023;-1834;-2252;11356;-226;-19;-1150;
26;401;0;807;18;82;128;36;669;1;19;0;0;0;0;0;814685;973;960;94;450;333;655;531;1023;1307;3517;7399;312;238;-1398;
